SUERTE;ZONA;FINCA;AREA NETA HA;EDAD HOY MESES;Zona Agroecologica;VARIEDAD;USO DE LA SUERTE;FECHA DE SIEMBRA;FECHA DE ULTIMO CORTE;NUMERO DE CORTE;TONELADAS PPTO;TCH PPTO;TONELADAS Estimadas;RESPONSABLE ZONA;TECNICO AGRICOLA RESPONSABLE;FECHA DEL PROXIMO CORTE
3106-010;1; LA LUISA;4,43;11,9;15H1;CC 05-430;CANA;5/12/2020;28/11/2024;5;596;135;642;Leonardo Andres Lopez;Luis Millan;28/11/2025
3106-020;1; LA LUISA;10,63;11,9;15H1;VARIAS;CANA;4/12/2020;29/11/2024;5;1431;135;1.541;Leonardo Andres Lopez;Luis Millan;29/11/2025
3106-030;1; LA LUISA;19,33;7,7;15H1;CC 05-430;SEMILLA;31/03/2024;6/04/2025;2;2934;152;3.363;Leonardo Andres Lopez;Luis Millan;6/05/2026
3106-040;1; LA LUISA;14,22;2,2;15H1;CC 01-1940;CANA;10/07/2015;20/09/2025;11;1799;127;1.849;Leonardo Andres Lopez;Luis Millan;20/09/2026
3106-050;1; LA LUISA;19,21;8,5;15H1;CC 05-430;CANA;30/01/2021;10/03/2025;5;2877;150;3.065;Leonardo Andres Lopez;Luis Millan;10/03/2026
3106-060;1; LA LUISA;15,55;2,9;15H1;CC 09-066;CANA;30/08/2025;26/01/2025;1;2046;132;2.258;Leonardo Andres Lopez;Luis Millan;30/08/2026
3106-071;1; LA LUISA;17,67;2,1;15H1;VARIAS;CANA;10/08/2019;21/09/2025;7;2307;131;2.324;Leonardo Andres Lopez;Luis Millan;21/09/2026
3106-080;1; LA LUISA;12;11,1;15H1;CC 05-430;CANA;30/12/2023;23/12/2024;2;1518;127;1.530;Leonardo Andres Lopez;Luis Millan;23/12/2025
3106-081;1; LA LUISA;11,68;5,2;15H1;VARIAS;CANA;26/02/2020;20/06/2025;6;1596;137;1.607;Leonardo Andres Lopez;Luis Millan;20/06/2026
3106-090;1; LA LUISA;9,7;11,1;15H1;CC 05-430;CANA;26/01/2022;22/12/2024;4;1247;129;1.266;Leonardo Andres Lopez;Luis Millan;21/01/2026
3106-100;1; LA LUISA;17,11;1,9;15H1;CC 01-1940;CANA;16/08/2018;29/09/2025;8;2095;122;2.112;Leonardo Andres Lopez;Luis Millan;29/09/2026
3106-110;1; LA LUISA;20,22;4,8;10H3;CC 10-450;CANA;2/04/2019;2/07/2025;7;2558;127;2.629;Leonardo Andres Lopez;Luis Millan;2/07/2026
3106-130;1; LA LUISA;17,34;3,5;15H1;CC 99-2282;CANA;14/08/2021;9/08/2025;5;2369;137;2.218;Leonardo Andres Lopez;Luis Millan;9/08/2026
3106-140;1; LA LUISA;17,78;11,9;10H3;CC 11-595;CANA;17/11/2020;27/11/2024;5;2303;130;2.400;Leonardo Andres Lopez;Luis Millan;27/11/2025
3106-150;1; LA LUISA;17,85;12,0;5H3;CC 01-1940;CANA;30/11/2021;24/11/2024;4;2222;124;2.240;Leonardo Andres Lopez;Luis Millan;3/12/2025
3106-160;1; LA LUISA;6,39;2,7;5H3;CC 01-1940;CANA;23/12/2014;4/09/2025;11;802;125;818;Leonardo Andres Lopez;Luis Millan;4/10/2026
3106-170;1; LA LUISA;13,05;0,9;15H1;CC 85-92;CANA;4/09/2009;29/10/2025;18;1704;131;1.717;Leonardo Andres Lopez;Luis Millan;13/11/2026
3106-171;1; LA LUISA;11,1;3,6;15H1;CC 01-1940;CANA;1/04/2021;7/08/2025;5;1460;132;1.555;Leonardo Andres Lopez;Luis Millan;7/08/2026
3106-180;1; LA LUISA;17,56;3,0;15H1;CC 01-1940;CANA;21/08/2018;26/08/2025;8;2399;137;2.417;Leonardo Andres Lopez;Luis Millan;25/09/2026
3106-181;1; LA LUISA;3,01;12,7;15H1;CC 11-595;CANA;24/10/2020;2/11/2024;5;372;123;375;Leonardo Andres Lopez;Luis Millan;17/11/2025
3106-190;1; LA LUISA;17,14;1,9;15H1;CC 93-3826;CANA;30/09/2012;28/09/2025;14;2272;133;2.322;Leonardo Andres Lopez;Luis Millan;28/09/2026
3106-200;1; LA LUISA;10,54;11,9;15H1;CC 11-595;CANA;22/12/2020;28/11/2024;5;1301;123;1.318;Leonardo Andres Lopez;Luis Millan;13/12/2025
3106-210;1; LA LUISA;5,24;3,0;15H1;CC 05-430;CANA;15/08/2024;26/08/2025;2;769;147;774;Leonardo Andres Lopez;Luis Millan;26/08/2026
3106-211;1; LA LUISA;5,23;1,9;15H1;CC 05-430;CANA;26/07/2019;29/09/2025;7;667;128;672;Leonardo Andres Lopez;Luis Millan;29/09/2026
3106-220;1; LA LUISA;8,78;1,8;23H0;CC 93-3826;CANA;2/08/2016;2/10/2025;11;1031;117;1.039;Leonardo Andres Lopez;Luis Millan;1/11/2026
3106-221;1; LA LUISA;4,48;12,2;10H3;CC 01-1940;CANA;26/06/2015;18/11/2024;11;576;129;580;Leonardo Andres Lopez;Luis Millan;3/12/2025
3106-222;1; LA LUISA;4,46;12,3;10H3;CC 12-2120;CANA;21/11/2023;17/11/2024;2;551;123;555;Leonardo Andres Lopez;Luis Millan;23/11/2025
3106-230;1; LA LUISA;5,26;12,2;10H3;CC 01-1940;CANA;18/08/2016;18/11/2024;9;639;121;644;Leonardo Andres Lopez;Luis Millan;3/12/2025
3106-231;1; LA LUISA;6,25;0,9;7H0;CC 01-1940;CANA;22/08/2016;28/10/2025;10;772;123;778;Leonardo Andres Lopez;Luis Millan;12/11/2026
3106-232;1; LA LUISA;5,73;8,7;10H3;VARIAS;CANA;24/02/2022;6/03/2025;4;707;123;702;Leonardo Andres Lopez;Luis Millan;6/03/2026
3106-240;1; LA LUISA;8,82;12,2;7H0;CC 01-1940;CANA;29/10/2020;18/11/2024;5;1089;123;1.098;Leonardo Andres Lopez;Luis Millan;3/12/2025
3106-241;1; LA LUISA;8,78;13,4;7H0;CC 01-1940;CANA;24/08/2016;14/10/2024;9;1084;123;1.093;Leonardo Andres Lopez;Luis Millan;13/11/2025
3106-250;1; LA LUISA;17,72;4,3;7H0;CC 11-600;CANA;12/03/2020;18/07/2025;6;2421;137;2.304;Leonardo Andres Lopez;Luis Millan;17/08/2026
3106-260;1; LA LUISA;17,59;9,9;7H0;VARIAS;CANA;21/02/2023;27/01/2025;3;2225;127;2.211;Leonardo Andres Lopez;Luis Millan;2/01/2026
3106-270;1; LA LUISA;8,52;9,0;7H0;CC 05-430;CANA;29/02/2024;24/02/2025;2;1242;146;1.149;Leonardo Andres Lopez;Luis Millan;24/02/2026
3106-271;1; LA LUISA;8,82;2,1;7H0;CC 01-1940;CANA;10/08/2021;21/09/2025;5;1089;123;1.098;Leonardo Andres Lopez;Luis Millan;6/10/2026
3106-280;1; LA LUISA;9,94;4,1;10H3;CC 05-430;CANA;30/04/2024;24/07/2025;2;1449;146;1.491;Leonardo Andres Lopez;Luis Millan;23/10/2026
3106-281;1; LA LUISA;1,97;4,1;10H3;VARIAS;CANA;5/05/2022;24/07/2025;4;243;123;245;Leonardo Andres Lopez;Luis Millan;23/08/2026
3106-282;1; LA LUISA;7,52;8,3;10H3;VARIAS;CANA;17/02/2022;18/03/2025;4;928;123;869;Leonardo Andres Lopez;Luis Millan;18/03/2026
3106-300;1; LA LUISA;5,59;3,2;5H3;CC 05-430;CANA;16/01/2023;21/08/2025;4;718;129;724;Leonardo Andres Lopez;Luis Millan;21/08/2026
3106-302;1; LA LUISA;5,53;9,4;5H3;VARIAS;CANA;8/02/2022;11/02/2025;4;655;118;533;Leonardo Andres Lopez;Luis Millan;11/02/2026
3106-310;1; LA LUISA;2,34;11,7;15H1;CC 11-0129;CANA;15/12/2022;4/12/2024;3;301;129;305;Leonardo Andres Lopez;Luis Millan;19/12/2025
3106-311;1; LA LUISA;5,94;9,5;15H1;VARIAS;CANA;17/10/2020;10/02/2025;5;781;132;813;Leonardo Andres Lopez;Luis Millan;10/02/2026
3106-312;1; LA LUISA;6,09;2,0;15H1;CC 01-1228;CANA;23/08/2019;24/09/2025;7;758;124;764;Leonardo Andres Lopez;Luis Millan;24/09/2026
3106-313;1; LA LUISA;5,38;11,1;15H1;VARIAS;CANA;19/01/2018;21/12/2024;8;691;129;702;Leonardo Andres Lopez;Luis Millan;20/01/2026
3106-314;1; LA LUISA;1,84;8,0;15H1;CC 05-430;CANA;15/12/2022;26/03/2025;4;236;129;237;Leonardo Andres Lopez;Luis Millan;17/03/2026
3106-320;1; LA LUISA;10,82;3,6;15H1;CC 10-450;CANA;10/07/2018;8/08/2025;8;1467;136;1.632;Leonardo Andres Lopez;Luis Millan;8/08/2026
3106-330;1; LA LUISA;5,0305;2,1;6H1;CC 93-3826;CANA;17/01/2005;21/09/2025;23;647;129;652;Leonardo Andres Lopez;Luis Millan;21/10/2026
3106-331;1; LA LUISA;4,25;2,1;6H1;CC 93-3826;CANA;17/01/2005;21/09/2025;22;619;146;624;Leonardo Andres Lopez;Luis Millan;21/09/2026
3106-340;1; LA LUISA;4,61;2,0;6H1;CC 01-1940;CANA;30/08/2018;25/09/2025;8;606;132;611;Leonardo Andres Lopez;Luis Millan;25/09/2026
3106-342;1; LA LUISA;5,02;9,0;6H1;CC 11-595;CANA;29/05/2020;24/02/2025;6;645;129;744;Leonardo Andres Lopez;Luis Millan;9/02/2026
3106-350;1; LA LUISA;6,44;11,6;15H1;VARIAS;CANA;22/01/2021;8/12/2024;5;828;129;840;Leonardo Andres Lopez;Luis Millan;7/01/2026
3106-351;1; LA LUISA;9,73;8,7;6H1;CC 99-2282;CANA;21/03/2023;5/03/2025;3;1251;129;1.292;Leonardo Andres Lopez;Luis Millan;5/03/2026
3106-352;1; LA LUISA;3,3;1,5;15H1;CC 01-1228;CANA;10/06/2009;10/10/2025;17;397;120;414;Leonardo Andres Lopez;Luis Millan;19/10/2026
3106-360;1; LA LUISA;6,37;1,5;15H1;CC 01-1940;CANA;5/05/2014;9/10/2025;12;831;130;837;Leonardo Andres Lopez;Luis Millan;24/10/2026
3106-361;1; LA LUISA;6,5;1,5;7H1;CC 97-7170;CANA;15/01/2016;10/10/2025;11;850;131;856;Leonardo Andres Lopez;Luis Millan;31/10/2026
3106-362;1; LA LUISA;6,72;11,6;15H1;CC 01-1940;CANA;4/02/2022;8/12/2024;4;850;127;857;Leonardo Andres Lopez;Luis Millan;7/01/2026
3106-370;1; LA LUISA;11,97;11,5;10H3;CC 11-595;CANA;28/12/2019;9/12/2024;6;1514;127;1.526;Leonardo Andres Lopez;Luis Millan;8/01/2026
3107-380;1; LA LUISA;5,41;13,4;10H3;CC 99-2282;CANA;3/09/2019;14/10/2024;6;641;118;652;Leonardo Andres Lopez;Manuel Primero;13/11/2025
3107-390;1; LA LUISA;9,87;8,5;10H3;CC 11-600;CANA;18/02/2020;10/03/2025;6;1169;118;1.271;Leonardo Andres Lopez;Manuel Primero;10/03/2026
3107-400;1; LA LUISA;21,76;11,0;1H1;CC 05-430;CANA;27/01/2024;25/12/2024;2;2929;135;3.046;Leonardo Andres Lopez;Manuel Primero;24/01/2026
3107-410;1; LA LUISA;19,03;11,0;1H1;VARIAS;CANA;17/01/2024;24/12/2024;2;2542;134;2.664;Leonardo Andres Lopez;Manuel Primero;23/11/2025
3107-412;1; LA LUISA;2,64;11,2;15H1;CC 05-430;CANA;31/12/2023;18/12/2024;2;353;134;370;Leonardo Andres Lopez;Manuel Primero;18/12/2025
3107-420;1; LA LUISA;22,33;11,5;23H0;CC 05-430;CANA;21/12/2023;11/12/2024;2;3006;135;3.126;Leonardo Andres Lopez;Manuel Primero;11/12/2025
3107-430;1; LA LUISA;20,06;3,0;7H0;CC 99-2282;CANA;14/08/2019;26/08/2025;7;2781;139;2.801;Leonardo Andres Lopez;Manuel Primero;4/09/2026
3107-440;1; LA LUISA;4,47;8,7;7H0;CC 05-430;CANA;14/04/2020;5/03/2025;5;719;161;655;Leonardo Andres Lopez;Manuel Primero;5/03/2026
3107-441;1; LA LUISA;9,98;10,0;6H1;CC 11-595;CANA;15/05/2020;25/01/2025;6;1262;127;1.302;Leonardo Andres Lopez;Manuel Primero;25/01/2026
3107-443;1; LA LUISA;5,11;8,7;6H1;CC 01-1940;CANA;17/11/2012;5/03/2025;13;724;142;722;Leonardo Andres Lopez;Manuel Primero;5/03/2026
3107-450;1; LA LUISA;19,2;7,5;15H1;CC 05-430;SEMILLA;15/04/2023;10/04/2025;3;2584;135;2.707;Leonardo Andres Lopez;Manuel Primero;4/04/2026
3107-460;1; LA LUISA;19,28;11,5;15H1;CC 99-2282;CANA;1/02/2019;11/12/2024;7;2536;132;2.612;Leonardo Andres Lopez;Manuel Primero;11/12/2025
3107-470;1; LA LUISA;7,5;1,7;15H1;CC 01-1228;CANA;25/07/2014;3/10/2025;12;987;132;994;Leonardo Andres Lopez;Manuel Primero;18/10/2026
3107-473;1; LA LUISA;8,7;9,9;15H1;VARIAS;CANA;28/01/2021;27/01/2025;5;1250;144;1.256;Leonardo Andres Lopez;Manuel Primero;2/01/2026
3107-474;1; LA LUISA;2,87;9,8;15H1;CC 05-430;CANA;7/02/2022;30/01/2025;4;389;136;390;Leonardo Andres Lopez;Manuel Primero;30/01/2026
3107-480;1; LA LUISA;22,92;12,8;6H1;CC 01-1940;CANA;20/10/2016;31/10/2024;9;2969;130;2.992;Leonardo Andres Lopez;Manuel Primero;15/11/2025
3107-490;1; LA LUISA;10,64;1,5;6H1;CC 99-2282;CANA;25/10/2022;10/10/2025;4;1378;130;1.389;Leonardo Andres Lopez;Manuel Primero;25/10/2026
3107-491;1; LA LUISA;10,15;1,4;6H1;CC 05-430;CANA;17/12/2022;14/10/2025;4;1315;130;1.325;Leonardo Andres Lopez;Manuel Primero;29/10/2026
3107-700;1; LA LUISA;7,52;5,0;10H3;CC 01-1940;CANA;15/03/2021;27/06/2025;5;928;123;936;Leonardo Andres Lopez;Manuel Primero;12/07/2026
3107-710;1; LA LUISA;7,22;12,2;10H3;CC 01-1940;CANA;26/08/2019;19/11/2024;6;877;121;884;Leonardo Andres Lopez;Manuel Primero;4/12/2025
3107-720;1; LA LUISA;21,33;12,3;7H0;CC 11-0132;CANA;20/11/2023;15/11/2024;2;2914;137;3.093;Leonardo Andres Lopez;Manuel Primero;30/11/2025
3107-730;1; LA LUISA;12,56;12,1;7H0;CC 05-430;CANA;22/12/2022;21/11/2024;3;1716;137;1.884;Leonardo Andres Lopez;Manuel Primero;21/11/2025
3107-731;1; LA LUISA;4,08;3,2;6H1;CC 01-1940;CANA;1/09/2018;21/08/2025;8;537;132;551;Leonardo Andres Lopez;Manuel Primero;21/08/2026
3107-732;1; LA LUISA;1,82;3,2;7H0;CC 99-2282;CANA;1/04/2019;21/08/2025;7;252;139;255;Leonardo Andres Lopez;Manuel Primero;21/08/2026
3107-740;1; LA LUISA;12,42;1,5;15H1;CC 85-92;CANA;2/10/2012;9/10/2025;14;1747;141;1.760;Leonardo Andres Lopez;Manuel Primero;24/10/2026
3107-741;1; LA LUISA;6,18;0,7;6H1;CC 01-1940;CANA;22/02/2012;5/11/2025;15;794;129;806;Leonardo Andres Lopez;Manuel Primero;4/12/2025
3107-750;1; LA LUISA;7,4;8,5;5H3;CC 11-595;CANA;24/03/2023;10/03/2025;3;929;125;951;Leonardo Andres Lopez;Manuel Primero;10/03/2026
3107-751;1; LA LUISA;11,12;3,6;10H3;CC 01-1940;CANA;28/02/2014;6/08/2025;12;1474;133;1.574;Leonardo Andres Lopez;Manuel Primero;6/08/2026
3107-760;1; LA LUISA;8,83;10,9;10H3;CC 11-595;CANA;11/02/2023;29/12/2024;3;1090;123;1.099;Leonardo Andres Lopez;Manuel Primero;28/01/2026
3107-770;1; LA LUISA;3,01;11,0;10H3;CC 01-1940;CANA;28/02/2014;26/12/2024;12;372;123;375;Leonardo Andres Lopez;Manuel Primero;26/12/2025
3107-771;1; LA LUISA;3,14;9,9;10H3;VARIAS;CANA;23/01/2021;28/01/2025;5;439;140;393;Leonardo Andres Lopez;Manuel Primero;28/01/2026
3107-780;1; LA LUISA;9;4,1;6H1;CC 01-1940;CANA;9/04/2020;23/07/2025;6;1093;121;1.125;Leonardo Andres Lopez;Manuel Primero;22/08/2026
3107-782;1; LA LUISA;5,94;12,2;6H1;CC 11-595;CANA;6/11/2020;19/11/2024;5;733;123;745;Leonardo Andres Lopez;Manuel Primero;4/12/2025
3107-790;1; LA LUISA;17,29;0,6;6H1;CC 12-2120;CANA;31/10/2023;7/11/2025;3;2297;133;2.314;Leonardo Andres Lopez;Manuel Primero;6/11/2025
3107-800;1; LA LUISA;17,35;12,0;6H1;VARIAS;CANA;13/10/2020;26/11/2024;5;2230;129;2.247;Leonardo Andres Lopez;Manuel Primero;11/12/2025
3107-810;1; LA LUISA;17,4;11,3;6H1;CC 11-595;CANA;12/12/2020;17/12/2024;5;2166;124;2.183;Leonardo Andres Lopez;Manuel Primero;17/12/2025
3107-820;1; LA LUISA;11,08;3,6;6H1;VARIAS;CANA;7/04/2020;7/08/2025;6;1334;120;1.384;Leonardo Andres Lopez;Manuel Primero;7/08/2026
3107-821;1; LA LUISA;6,07;11,3;6H1;CC 99-2282;CANA;21/08/2019;17/12/2024;6;737;121;743;Leonardo Andres Lopez;Manuel Primero;17/12/2025
3107-830;1; LA LUISA;17,35;3,3;5H3;CC 05-430;CANA;25/04/2023;17/08/2025;3;2511;145;2.499;Leonardo Andres Lopez;Manuel Primero;1/09/2026
3107-840;1; LA LUISA;16,76;11,2;5H3;VARIAS;CANA;5/11/2020;20/12/2024;5;2086;124;2.103;Leonardo Andres Lopez;Manuel Primero;20/12/2025
3107-850;1; LA LUISA;4,38;11,3;5H3;CC 01-1940;CANA;13/09/2019;17/12/2024;6;541;123;545;Leonardo Andres Lopez;Manuel Primero;17/12/2025
3107-851;1; LA LUISA;4,92;8,3;5H3;CC 11-595;CANA;31/03/2023;18/03/2025;3;607;123;680;Leonardo Andres Lopez;Manuel Primero;18/03/2026
3107-852;1; LA LUISA;4,63;7,5;5H3;CC 13-2035;CANA;11/04/2025;28/01/2025;1;525;113;525;Leonardo Andres Lopez;Manuel Primero;11/04/2026
3107-853;1; LA LUISA;4,67;11,3;5H3;CC 01-1940;CANA;4/08/2017;17/12/2024;8;534;114;539;Leonardo Andres Lopez;Manuel Primero;16/01/2026
3107-860;1; LA LUISA;5,85;9,0;6H1;CC 01-1940;CANA;12/02/2021;24/02/2025;5;693;118;696;Leonardo Andres Lopez;Manuel Primero;24/02/2026
3107-870;1; LA LUISA;8,28;3,2;6H1;CC 01-1940;CANA;16/03/2021;19/08/2025;5;1173;142;1.298;Leonardo Andres Lopez;Manuel Primero;19/08/2026
3107-880;1; LA LUISA;5;1,2;6H1;CC 13-2035;CANA;18/10/2025;25/07/2025;1;46;9;45;Leonardo Andres Lopez;Manuel Primero;19/03/2026
3107-881;1; LA LUISA;5;13,5;6H1;VARIAS;CANA;25/01/2023;11/10/2024;3;648;130;653;Leonardo Andres Lopez;Manuel Primero;10/11/2025
3107-890;1; LA LUISA;7,06;8,6;6H1;CC 11-595;CANA;15/03/2023;7/03/2025;3;907;129;924;Leonardo Andres Lopez;Manuel Primero;22/03/2026
3107-891;1; LA LUISA;7,21;10,9;6H1;CC 99-2282;CANA;1/02/2019;28/12/2024;7;868;120;905;Leonardo Andres Lopez;Manuel Primero;27/01/2026
3107-900;1; LA LUISA;3,5;11,3;5H3;CC 11-0132;CANA;22/02/2023;17/12/2024;2;450;129;457;Leonardo Andres Lopez;Manuel Primero;17/12/2025
3107-902;1; LA LUISA;4,95;12,0;5H3;VARIAS;CANA;25/09/2020;25/11/2024;5;611;123;616;Leonardo Andres Lopez;Manuel Primero;10/12/2025
3107-910;1; LA LUISA;8,28;9,4;5H3;VARIAS;CANA;21/02/2022;11/02/2025;4;980;118;993;Leonardo Andres Lopez;Manuel Primero;11/02/2026
3107-920;1; LA LUISA;5,65;3,3;5H3;CC 11-600;CANA;4/03/2020;17/08/2025;6;658;116;732;Leonardo Andres Lopez;Manuel Primero;17/08/2026
3107-930;1; LA LUISA;4,42;11,3;5H3;CC 11-595;CANA;26/09/2020;17/12/2024;5;546;123;550;Leonardo Andres Lopez;Manuel Primero;17/12/2025
3118-010;1; ZAMBRANO;13,47;3,4;10H3;CC 01-1940;CANA;31/12/2012;13/08/2025;13;1977;147;1.990;Leonardo Andres Lopez;Jorge Armando Quintero;13/08/2026
3118-020;1; ZAMBRANO;29,4;4,3;10H3;CC 05-430;CANA;31/05/2024;17/07/2025;2;4225;144;4.337;Leonardo Andres Lopez;Jorge Armando Quintero;16/09/2026
3118-021;1; ZAMBRANO;4,47;10,9;10H3;CC 12-2120;CANA;2/02/2024;27/12/2024;2;597;134;602;Leonardo Andres Lopez;Jorge Armando Quintero;26/01/2026
3118-022;1; ZAMBRANO;4,92;10,9;10H3;CC 05-430;CANA;3/02/2024;27/12/2024;2;657;134;662;Leonardo Andres Lopez;Jorge Armando Quintero;26/01/2026
3118-040;1; ZAMBRANO;15,65;3,5;15H1;CC 05-430;CANA;29/07/2023;11/08/2025;3;2360;151;2.364;Leonardo Andres Lopez;Jorge Armando Quintero;11/08/2026
3118-060;1; ZAMBRANO;12,14;0,0;5H3;RENOVACION;CANA;1/02/2020;20/07/2025;1;1536;127;1.548;Leonardo Andres Lopez;Jorge Armando Quintero;19/08/2026
3118-061;1; ZAMBRANO;4;2,1;5H3;VARIAS;CANA;1/02/2020;23/09/2025;6;514;129;518;Leonardo Andres Lopez;Jorge Armando Quintero;23/09/2026
3118-080;1; ZAMBRANO;15,12;3,1;23H0;CC 01-1940;CANA;12/04/2016;22/08/2025;10;2341;155;2.364;Leonardo Andres Lopez;Jorge Armando Quintero;22/08/2026
3118-090;1; ZAMBRANO;15,99;3,1;23H0;CC 01-1940;CANA;18/03/2016;22/08/2025;10;2185;137;2.319;Leonardo Andres Lopez;Jorge Armando Quintero;22/08/2026
3118-100;1; ZAMBRANO;19,38;7,0;10H3;CC 99-2282;CANA;31/03/2024;25/04/2025;2;2628;136;2.748;Leonardo Andres Lopez;Jorge Armando Quintero;28/06/2026
3118-110;1; ZAMBRANO;6,24;11,3;10H3;CC 05-430;CANA;11/01/2024;16/12/2024;2;802;129;808;Leonardo Andres Lopez;Jorge Armando Quintero;15/01/2026
3118-111;1; ZAMBRANO;5,99;10,9;1H1;CC 12-2120;CANA;12/01/2024;28/12/2024;2;740;123;746;Leonardo Andres Lopez;Jorge Armando Quintero;27/11/2025
3118-113;1; ZAMBRANO;1,8;1,8;1H1;VARIAS;CANA;14/05/2019;30/09/2025;7;213;118;207;Leonardo Andres Lopez;Jorge Armando Quintero;30/09/2026
3118-114;1; ZAMBRANO;5,07;8,8;10H3;CC 11-595;CANA;24/02/2024;1/03/2025;2;688;136;637;Leonardo Andres Lopez;Jorge Armando Quintero;1/05/2026
3118-130;1; ZAMBRANO;15,81;12,3;15H1;CC 05-430;CANA;13/11/2023;17/11/2024;2;2363;149;2.379;Leonardo Andres Lopez;Jorge Armando Quintero;2/12/2025
3118-150;1; ZAMBRANO;22,27;2,0;15H1;CC 05-430;CANA;23/09/2023;25/09/2025;3;3133;141;3.240;Leonardo Andres Lopez;Jorge Armando Quintero;25/09/2026
3118-160;1; ZAMBRANO;12,1;1,8;15H1;CC 11-0129;CANA;5/10/2023;1/10/2025;3;1629;135;1.694;Leonardo Andres Lopez;Jorge Armando Quintero;31/10/2026
3118-161;1; ZAMBRANO;3,97;1,8;15H1;CC 11-595;CANA;20/08/2020;2/10/2025;6;482;121;476;Leonardo Andres Lopez;Jorge Armando Quintero;1/11/2026
3123-310;1; SAN CARLOS LOTE 7;16,65;11,2;1H1;CC 01-1940;CANA;20/08/2019;20/12/2024;6;2022;121;2.039;Leonardo Andres Lopez;Manuel Primero;19/01/2026
3123-320;1; SAN CARLOS LOTE 7;17,95;1,5;1H1;CC 01-1940;CANA;28/03/2020;10/10/2025;6;2216;123;2.234;Leonardo Andres Lopez;Manuel Primero;9/11/2026
3233-010;1; LAGUNAS;7,49;1,8;5H3;CC 05-430;CANA;20/09/2024;2/10/2025;2;1076;144;1.084;Leonardo Andres Lopez;Luis Millan;17/10/2026
3233-011;1; LAGUNAS;4,45;11,5;5H3;VARIAS;CANA;30/09/2020;10/12/2024;5;513;115;518;Leonardo Andres Lopez;Luis Millan;10/12/2025
3233-012;1; LAGUNAS;9,36;1,8;5H3;CC 05-430;CANA;21/09/2024;30/09/2025;2;1345;144;1.354;Leonardo Andres Lopez;Luis Millan;30/09/2026
3233-013;1; LAGUNAS;1,3;8,5;5H3;VARIAS;CANA;30/09/2020;10/03/2025;5;141;108;163;Leonardo Andres Lopez;Luis Millan;3/04/2026
3233-020;1; LAGUNAS;2,27;4,0;14H1;CC 01-1940;CANA;20/03/2020;25/07/2025;6;328;145;330;Leonardo Andres Lopez;Luis Millan;24/08/2026
3233-021;1; LAGUNAS;2,79;4,1;14H1;CC 01-1940;CANA;25/07/2018;22/07/2025;8;416;149;419;Leonardo Andres Lopez;Luis Millan;21/08/2026
3233-030;1; LAGUNAS;14,07;5,3;5H3;CC 05-430;CANA;12/05/2023;18/06/2025;3;1837;131;2.251;Leonardo Andres Lopez;Luis Millan;18/06/2026
3233-031;1; LAGUNAS;4,41;1,8;5H3;CC 01-1940;CANA;25/07/2018;30/09/2025;8;509;115;529;Leonardo Andres Lopez;Luis Millan;30/10/2026
3233-040;1; LAGUNAS;3,48;2,7;10H3;CC 05-430;CANA;28/10/2023;5/09/2025;4;451;130;470;Leonardo Andres Lopez;Luis Millan;5/10/2026
3233-042;1; LAGUNAS;5,48;13,1;10H3;CC 05-430;CANA;15/10/2023;22/10/2024;2;710;130;715;Leonardo Andres Lopez;Luis Millan;21/11/2025
3233-050;1; LAGUNAS;7,39;11,0;14H1;CC 12-2120;CANA;5/01/2024;26/12/2024;2;950;129;957;Leonardo Andres Lopez;Luis Millan;26/12/2025
3233-051;1; LAGUNAS;10,76;11,3;5H3;CC 05-430;CANA;30/12/2023;15/12/2024;2;1383;129;1.394;Leonardo Andres Lopez;Luis Millan;15/12/2025
3233-053;1; LAGUNAS;2,98;12,5;5H3;CC 05-430;CANA;30/09/2020;10/11/2024;5;338;113;359;Leonardo Andres Lopez;Luis Millan;25/11/2025
3233-055;1; LAGUNAS;1,35;1,8;5H3;CC 01-1940;CANA;11/08/2021;2/10/2025;5;156;115;163;Leonardo Andres Lopez;Luis Millan;26/10/2026
3233-060;1; LAGUNAS;5,89;1,8;5H3;CC 11-595;CANA;23/04/2020;1/10/2025;7;757;129;763;Leonardo Andres Lopez;Luis Millan;31/10/2026
3233-061;1; LAGUNAS;6,19;1,8;10H3;CC 01-1940;CANA;26/06/2015;1/10/2025;11;808;131;814;Leonardo Andres Lopez;Luis Millan;16/10/2026
3233-062;1; LAGUNAS;1,82;1,8;5H3;CC 12-2120;CANA;14/10/2023;1/10/2025;3;215;118;217;Leonardo Andres Lopez;Luis Millan;31/10/2026
3233-070;1; LAGUNAS;20,83;2,0;10H3;VARIAS;CANA;7/09/2019;25/09/2025;7;2804;135;2.824;Leonardo Andres Lopez;Luis Millan;25/09/2026
3233-080;1; LAGUNAS;10,52;8,5;10H3;VARIAS;CANA;16/02/2022;10/03/2025;4;1246;118;1.417;Leonardo Andres Lopez;Luis Millan;9/04/2026
3233-090;1; LAGUNAS;18,66;2,6;15H1;CC 01-1228;CANA;16/05/2013;7/09/2025;13;2398;129;2.417;Leonardo Andres Lopez;Luis Millan;22/09/2026
3233-091;1; LAGUNAS;7,45;5,3;15H1;VARIAS;CANA;13/04/2020;17/06/2025;6;1206;162;1.284;Leonardo Andres Lopez;Luis Millan;17/06/2026
3233-093;1; LAGUNAS;5,43;12,2;15H1;CC 12-2120;CANA;28/11/2023;20/11/2024;2;670;123;676;Leonardo Andres Lopez;Luis Millan;20/11/2025
3233-100;1; LAGUNAS;8,1;9,2;15H1;CC 11-595;CANA;29/12/2020;17/02/2025;5;967;119;868;Leonardo Andres Lopez;Luis Millan;17/02/2026
3233-101;1; LAGUNAS;5,24;1,1;10H3;CC 01-1940;CANA;23/12/2015;23/10/2025;10;609;116;631;Leonardo Andres Lopez;Luis Millan;16/11/2026
3233-110;1; LAGUNAS;8,84;9,2;15H1;CC 09-066;CANA;28/02/2023;17/02/2025;3;1136;129;1.406;Leonardo Andres Lopez;Luis Millan;17/02/2026
3233-111;1; LAGUNAS;3,6;10,9;15H1;CC 99-2282;CANA;17/01/2022;28/12/2024;4;415;115;419;Leonardo Andres Lopez;Luis Millan;27/01/2026
3233-120;1; LAGUNAS;9,49;12,2;15H1;CC 09-066;CANA;1/11/2018;20/11/2024;7;1220;129;1.329;Leonardo Andres Lopez;Luis Millan;5/12/2025
3418-030;1; LA PAILA;16,81;0,0;5H3;RENOVACION;CANA;11/03/2020;25/08/2025;1;1939;115;2.017;Leonardo Andres Lopez;Jorge Armando Quintero;24/09/2026
3418-050;1; LA PAILA;13,74;11,2;10H3;VARIAS;CANA;27/01/2023;18/12/2024;3;1655;120;1.655;Leonardo Andres Lopez;Jorge Armando Quintero;2/01/2026
3418-070;1; LA PAILA;11,78;1,4;15H1;CC 05-430;CANA;11/09/2023;14/10/2025;3;1681;143;1.693;Leonardo Andres Lopez;Jorge Armando Quintero;13/11/2026
3418-071;1; LA PAILA;3,2;10,9;10H3;CC 11-0132;CANA;12/01/2024;27/12/2024;2;422;132;425;Leonardo Andres Lopez;Jorge Armando Quintero;27/12/2025
3418-120;1; LA PAILA;7,66;12,1;15H1;CC 85-92;CANA;2/09/2009;21/11/2024;16;992;130;1.000;Leonardo Andres Lopez;Jorge Armando Quintero;6/12/2025
3418-121;1; LA PAILA;4,15;1,8;10H3;CC 05-430;CANA;5/09/2023;30/09/2025;3;588;142;592;Leonardo Andres Lopez;Jorge Armando Quintero;30/10/2026
3418-140;1; LA PAILA;14,9;12,1;15H1;CC 85-92;CANA;8/09/2009;22/11/2024;16;1930;130;1.945;Leonardo Andres Lopez;Jorge Armando Quintero;7/12/2025
3440-700;1; PAILA ARRIBA;13,07;9,0;7H1;CC 05-430;CANA;23/02/2022;24/02/2025;4;1706;131;1.764;Leonardo Andres Lopez;Jhon Erik Sanmiguel Rangel;9/02/2026
3440-710;1; PAILA ARRIBA;10,26;11,6;7H1;CC 01-1940;CANA;7/12/2016;7/12/2024;9;1256;122;1.267;Leonardo Andres Lopez;Jhon Erik Sanmiguel Rangel;7/12/2025
3440-711;1; PAILA ARRIBA;0,44;11,6;7H1;CC 01-1940;CANA;16/12/2016;7/12/2024;9;54;122;54;Leonardo Andres Lopez;Jhon Erik Sanmiguel Rangel;7/12/2025
3440-720;1; PAILA ARRIBA;5,82;11,2;7H1;CC 12-2120;CANA;13/01/2024;20/12/2024;2;871;150;876;Leonardo Andres Lopez;Jhon Erik Sanmiguel Rangel;20/12/2025
3440-723;1; PAILA ARRIBA;7,72;0,6;7H1;CC 01-1940;CANA;21/10/2015;6/11/2025;11;990;128;998;Leonardo Andres Lopez;Jhon Erik Sanmiguel Rangel;9/11/2025
3440-730;1; PAILA ARRIBA;13,14;11,1;7H1;CC 11-0129;CANA;11/01/2024;22/12/2024;2;1734;132;1.747;Leonardo Andres Lopez;Jhon Erik Sanmiguel Rangel;21/01/2026
3440-760;1; PAILA ARRIBA;7,61;11,5;6H2;CC 01-1940;CANA;28/08/2019;11/12/2024;6;932;122;939;Leonardo Andres Lopez;Jhon Erik Sanmiguel Rangel;11/12/2025
3440-770;1; PAILA ARRIBA;15,21;11,5;1H2;CC 01-1940;CANA;2/09/2019;11/12/2024;6;1862;122;1.878;Leonardo Andres Lopez;Jhon Erik Sanmiguel Rangel;11/12/2025
3501-020;1; RIOPAILA;2,58;11,5;6H2;CC 12-2120;CANA ORG;13/12/2023;9/12/2024;2;292;113;292;Leonardo Andres Lopez;Jhon Erik Sanmiguel Rangel;9/12/2025
3501-050;1; RIOPAILA;8,62;11,6;1H1;CC 01-1940;CANA ORG;25/04/2016;6/12/2024;9;977;113;977;Leonardo Andres Lopez;Jhon Erik Sanmiguel Rangel;21/12/2025
3501-052;1; RIOPAILA;2,92;11,6;1H1;CC 01-1940;CANA ORG;24/08/2018;6/12/2024;7;316;108;316;Leonardo Andres Lopez;Jhon Erik Sanmiguel Rangel;6/12/2025
3501-070;1; RIOPAILA;11,05;4,3;6H1;VARIAS;CANA ORG;19/06/2022;17/07/2025;4;1286;116;1.286;Leonardo Andres Lopez;Jhon Erik Sanmiguel Rangel;17/07/2026
3501-080;1; RIOPAILA;4,66;11,4;6H1;CC 99-2282;CANA ORG;16/12/2023;12/12/2024;2;575;123;575;Leonardo Andres Lopez;Jhon Erik Sanmiguel Rangel;12/12/2025
3501-081;1; RIOPAILA;13,53;8,5;6H1;CC 99-2282;CANA ORG;20/02/2024;10/03/2025;2;1534;113;1.280;Leonardo Andres Lopez;Jhon Erik Sanmiguel Rangel;3/04/2026
3501-100;1; RIOPAILA;15,35;2,9;6H1;VARIAS;CANA ORG;16/09/2022;29/08/2025;4;1662;108;1.662;Leonardo Andres Lopez;Jhon Erik Sanmiguel Rangel;28/09/2026
3501-110;1; RIOPAILA;11,66;2,9;11H1;CC 11-595;CANA ORG;18/06/2020;29/08/2025;6;1357;116;1.357;Leonardo Andres Lopez;Jhon Erik Sanmiguel Rangel;13/09/2026
3501-120;1; RIOPAILA;8,55;2,3;6H1;CC 13-2035;CANA ORG;15/09/2025;13/03/2025;1;926;108;562;Leonardo Andres Lopez;Jhon Erik Sanmiguel Rangel;6/09/2026
3501-130;1; RIOPAILA;8,54;1,6;4H1;CC 05-430;CANA ORG;7/10/2025;13/03/2025;1;925;108;844;Leonardo Andres Lopez;Jhon Erik Sanmiguel Rangel;28/09/2026
3501-140;1; RIOPAILA;10,61;4,9;4H1;VARIAS;CANA ORG;21/07/2021;30/06/2025;5;1288;121;1.288;Leonardo Andres Lopez;Jhon Erik Sanmiguel Rangel;15/06/2026
3501-141;1; RIOPAILA;5,49;5,5;15H1;CC 05-430;CANA ORG;3/05/2022;12/06/2025;4;689;125;670;Leonardo Andres Lopez;Jhon Erik Sanmiguel Rangel;12/07/2026
3501-142;1; RIOPAILA;2,98;11,6;4H1;VARIAS;CANA ORG;21/07/2021;7/12/2024;4;338;113;338;Leonardo Andres Lopez;Jhon Erik Sanmiguel Rangel;6/01/2026
3501-150;1; RIOPAILA;14,26;1,3;15H1;CC 11-0129;CANA ORG;16/10/2025;14/03/2025;1;1544;108;1.725;Leonardo Andres Lopez;Jhon Erik Sanmiguel Rangel;15/11/2026
3501-160;1; RIOPAILA;8,44;8,4;15H1;CC 99-2282;CANA ORG;26/02/2022;15/03/2025;4;914;108;822;Leonardo Andres Lopez;Jhon Erik Sanmiguel Rangel;3/03/2026
3501-170;1; RIOPAILA;7,42;2,9;15H1;CC 09-066;CANA ORG;1/08/2024;28/08/2025;2;954;129;965;Leonardo Andres Lopez;Jhon Erik Sanmiguel Rangel;27/09/2026
3501-180;1; RIOPAILA;8,06;4,5;15H1;CC 93-4418;CANA ORG;20/04/2017;12/07/2025;9;938;116;967;Leonardo Andres Lopez;Jhon Erik Sanmiguel Rangel;30/06/2026
3501-190;1; RIOPAILA;22,23;4,2;15H1;VARIAS;CANA ORG;10/06/2023;21/07/2025;3;2430;109;2.430;Leonardo Andres Lopez;Jhon Erik Sanmiguel Rangel;20/09/2026
3501-200;1; RIOPAILA;1,69;2,7;15H1;CC 11-0132;CANA ORG;3/09/2025;4/05/2025;1;192;113;192;Leonardo Andres Lopez;Jhon Erik Sanmiguel Rangel;3/10/2026
3501-230;1; RIOPAILA;8,5;0,0;6H1;RENOVACION;CANA ORG;14/07/2011;15/03/2025;1;920;108;906;Leonardo Andres Lopez;Jhon Erik Sanmiguel Rangel;14/04/2026
3501-231;1; RIOPAILA;2,11;0,9;15H1;CC 01-1940;CANA ORG;21/03/2015;29/10/2025;11;239;113;239;Leonardo Andres Lopez;Jhon Erik Sanmiguel Rangel;13/11/2026
3501-232;1; RIOPAILA;6,58;11,9;6H1;CC 99-2282;CANA ORG;1/02/2019;28/11/2024;6;713;108;713;Leonardo Andres Lopez;Jhon Erik Sanmiguel Rangel;13/12/2025
3501-240;1; RIOPAILA;8,58;12,2;6H1;CC 01-1940;CANA ORG;13/10/2016;19/11/2024;9;972;113;972;Leonardo Andres Lopez;Jhon Erik Sanmiguel Rangel;4/12/2025
3501-250;1; RIOPAILA;8,67;2,9;15H1;CC 85-92;CANA ORG;16/08/2007;28/08/2025;19;1079;124;1.084;Leonardo Andres Lopez;Jhon Erik Sanmiguel Rangel;27/09/2026
3501-260;1; RIOPAILA;11,37;8,7;6H1;CC 99-2282;CANA ORG;24/02/2023;5/03/2025;3;1277;112;1.183;Leonardo Andres Lopez;Jhon Erik Sanmiguel Rangel;29/03/2026
3501-270;1; RIOPAILA;16,34;8,7;15H1;CC 11-595;CANA ORG;6/03/2023;5/03/2025;3;1819;111;2.007;Leonardo Andres Lopez;Jhon Erik Sanmiguel Rangel;22/04/2026
3501-280;1; RIOPAILA;9,47;4,9;15H1;VARIAS;CANA;22/07/2022;30/06/2025;4;1212;128;1.250;Leonardo Andres Lopez;Jhon Erik Sanmiguel Rangel;15/07/2026
3501-310;1; RIOPAILA;1,94;4,0;6H1;CC 85-92;CANA;8/07/2011;27/07/2025;14;236;121;239;Leonardo Andres Lopez;Jhon Erik Sanmiguel Rangel;27/07/2026
3501-320;1; RIOPAILA;4,614;4,9;6H1;CC 97-7170;CANA;13/03/2015;30/06/2025;11;590;128;597;Leonardo Andres Lopez;Jhon Erik Sanmiguel Rangel;15/07/2026
3501-330;1; RIOPAILA;6,13;12,1;7H1;CC 99-2282;CANA;14/09/2017;21/11/2024;8;775;127;782;Leonardo Andres Lopez;Jhon Erik Sanmiguel Rangel;6/12/2025
3501-340;1; RIOPAILA;8,46;0,8;6H1;VARIAS;CANA;25/08/2014;31/10/2025;12;1070;127;1.079;Leonardo Andres Lopez;Jhon Erik Sanmiguel Rangel;31/10/2026
3501-341;1; RIOPAILA;8,06;8,4;6H1;CC 99-2282;CANA;9/03/2022;15/03/2025;4;925;115;808;Leonardo Andres Lopez;Jhon Erik Sanmiguel Rangel;14/04/2026
3501-350;1; RIOPAILA;16,82;11,2;6H1;CC 05-430;CANA;18/12/2024;12/10/2024;1;2383;142;2.400;Leonardo Andres Lopez;Jhon Erik Sanmiguel Rangel;18/12/2025
3501-360;1; RIOPAILA;10,45;11,4;6H1;CC 09-066;CANA;13/12/2024;11/10/2024;1;1481;142;1.491;Leonardo Andres Lopez;Jhon Erik Sanmiguel Rangel;12/11/2025
3501-362;1; RIOPAILA;9,49;3,2;10H3;CC 09-066;CANA;20/08/2025;30/06/2025;1;1152;121;1.167;Leonardo Andres Lopez;Jhon Erik Sanmiguel Rangel;20/08/2026
3501-370;1; RIOPAILA;17,28;0,9;6H1;CC 05-430;CANA;28/10/2024;28/10/2025;2;2273;132;2.419;Leonardo Andres Lopez;Jhon Erik Sanmiguel Rangel;28/10/2026
3501-380;1; RIOPAILA;21,72;1,1;15H1;CC 05-430;CANA;9/10/2024;23/10/2025;2;2857;132;3.041;Leonardo Andres Lopez;Jhon Erik Sanmiguel Rangel;23/10/2026
3501-390;1; RIOPAILA;9,77;7,5;15H1;CC 05-430;CANA;17/05/2023;12/04/2025;3;1318;135;917;Leonardo Andres Lopez;Jhon Erik Sanmiguel Rangel;28/03/2026
3501-391;1; RIOPAILA;7,4;4,4;15H1;CC 99-2282;CANA;23/07/2021;14/07/2025;5;996;135;1.007;Leonardo Andres Lopez;Jhon Erik Sanmiguel Rangel;8/07/2026
3501-400;1; RIOPAILA;15,08;0,9;15H1;CC 01-1940;CANA;5/12/2016;28/10/2025;10;1831;121;1.893;Leonardo Andres Lopez;Jhon Erik Sanmiguel Rangel;28/10/2026
3501-431;1; RIOPAILA;3,17;0,0;6H2;RENOVACION;ARROZ;30/08/2018;12/09/2025;1;375;118;379;Leonardo Andres Lopez;Jhon Erik Sanmiguel Rangel;12/10/2026
3501-432;1; RIOPAILA;1,87;2,0;6H2;PANORAMA;ARROZ;26/04/2025;26/09/2025;1;17;9;17;Leonardo Andres Lopez;Jhon Erik Sanmiguel Rangel;25/02/2026
3501-471;1; RIOPAILA;10,52;0,6;6H2;CC 11-0132;CANA;14/11/2023;6/11/2025;3;1384;132;1.395;Leonardo Andres Lopez;Jhon Erik Sanmiguel Rangel;3/11/2025
3501-510;1; RIOPAILA;7,82;2,5;1H1;CC 09-066;CANA;7/09/2024;9/09/2025;2;1020;130;1.027;Leonardo Andres Lopez;Jhon Erik Sanmiguel Rangel;9/10/2026
3501-513;1; RIOPAILA;5,38;12,7;1H1;CC 12-2120;CANA;28/10/2023;2/11/2024;2;653;121;659;Leonardo Andres Lopez;Jhon Erik Sanmiguel Rangel;5/11/2025
3501-514;1; RIOPAILA;4,01;2,5;1H1;CC 11-595;CANA;6/09/2024;9/09/2025;2;528;132;532;Leonardo Andres Lopez;Jhon Erik Sanmiguel Rangel;9/09/2026
3501-520;1; RIOPAILA;9,81;0,8;1H1;CC 01-1940;CANA;5/08/2016;31/10/2025;10;1191;121;1.201;Leonardo Andres Lopez;Jhon Erik Sanmiguel Rangel;31/10/2026
3501-530;1; RIOPAILA;12,74;9,6;1H1;CC 11-0129;CANA;5/02/2025;5/12/2024;1;1880;148;1.784;Leonardo Andres Lopez;Jhon Erik Sanmiguel Rangel;7/04/2026
3501-532;1; RIOPAILA;11,11;9,6;1H1;CC 13-2035;SEMILLA;6/02/2025;5/12/2024;1;1660;149;1.555;Leonardo Andres Lopez;Jhon Erik Sanmiguel Rangel;8/04/2026
3501-533;1; RIOPAILA;4,71;11,7;1H1;CC 99-2282;CANA;30/09/2022;4/12/2024;3;524;111;529;Leonardo Andres Lopez;Jhon Erik Sanmiguel Rangel;4/12/2025
3501-534;1; RIOPAILA;6,14;0,0;1H1;RENOVACION;CANA;29/10/2014;30/06/2025;1;704;115;710;Leonardo Andres Lopez;Jhon Erik Sanmiguel Rangel;24/06/2026
3501-540;1; RIOPAILA;9,63;3,6;5H3;MAJA 6;ARROZ;7/08/2025;11/06/2025;1;1154;120;1.125;Leonardo Andres Lopez;Jhon Erik Sanmiguel Rangel;21/12/2025
3501-541;1; RIOPAILA;4,5;0,9;5H3;CC 01-1940;CANA;13/07/2018;28/10/2025;8;546;121;551;Leonardo Andres Lopez;Jhon Erik Sanmiguel Rangel;21/11/2026
3501-550;1; RIOPAILA;7,99;4,4;5H3;CC 01-1940;CANA;12/07/2018;14/07/2025;8;1035;130;1.047;Leonardo Andres Lopez;Jhon Erik Sanmiguel Rangel;29/07/2026
3501-551;1; RIOPAILA;7,73;4,3;5H3;VARIAS;CANA;8/01/2021;16/07/2025;5;1001;130;1.009;Leonardo Andres Lopez;Jhon Erik Sanmiguel Rangel;15/08/2026
3501-560;1; RIOPAILA;8,59;4,3;5H3;VARIAS;CANA;15/02/2021;16/07/2025;5;1218;142;1.231;Leonardo Andres Lopez;Jhon Erik Sanmiguel Rangel;31/07/2026
3501-561;1; RIOPAILA;7,76;4,3;5H3;CC 01-1940;CANA;22/02/2021;16/07/2025;5;1106;142;1.117;Leonardo Andres Lopez;Jhon Erik Sanmiguel Rangel;31/07/2026
3501-570;1; RIOPAILA;7,32;1,1;6H1;CC 85-92;CANA;3/03/2010;23/10/2025;16;889;121;896;Leonardo Andres Lopez;Jhon Erik Sanmiguel Rangel;7/11/2026
3501-571;1; RIOPAILA;7,51;1,1;6H1;CC 11-0132;CANA;22/10/2025;12/07/2025;1;912;121;939;Leonardo Andres Lopez;Jhon Erik Sanmiguel Rangel;16/10/2026
3501-580;1; RIOPAILA;7,55;5,3;6H1;CC 05-430;CANA;10/03/2021;16/06/2025;5;1061;141;1.133;Leonardo Andres Lopez;Jhon Erik Sanmiguel Rangel;1/07/2026
3501-581;1; RIOPAILA;7,55;11,7;6H1;VARIAS;CANA;23/12/2020;3/12/2024;5;1016;135;1.024;Leonardo Andres Lopez;Jhon Erik Sanmiguel Rangel;3/12/2025
3501-590;1; RIOPAILA;15,3;12,3;5H3;VARIAS;CANA;4/11/2021;17/11/2024;4;1966;129;1.982;Leonardo Andres Lopez;Jhon Erik Sanmiguel Rangel;2/12/2025
3501-600;1; RIOPAILA;9,58;2,8;15H1;CC 09-066;CANA;20/08/2024;1/09/2025;2;1377;144;1.386;Leonardo Andres Lopez;Jhon Erik Sanmiguel Rangel;1/10/2026
3501-602;1; RIOPAILA;9,8;13,6;15H1;CC 10-450;CANA;15/03/2019;8/10/2024;6;1229;125;1.238;Leonardo Andres Lopez;Jhon Erik Sanmiguel Rangel;7/11/2025
3501-610;1; RIOPAILA;18,98;11,4;15H1;VARIAS;CANA;2/02/2022;12/12/2024;4;2343;123;2.373;Leonardo Andres Lopez;Jhon Erik Sanmiguel Rangel;12/12/2025
3501-620;1; RIOPAILA;4,66;12,1;15H1;CC 01-1228;CANA;11/09/2019;23/11/2024;6;571;122;575;Leonardo Andres Lopez;Jhon Erik Sanmiguel Rangel;23/11/2025
3501-621;1; RIOPAILA;9,05;4,3;15H1;VARIAS;CANA;28/06/2023;16/07/2025;3;1374;152;1.387;Leonardo Andres Lopez;Jhon Erik Sanmiguel Rangel;22/07/2026
3501-623;1; RIOPAILA;5,82;12,1;15H1;CC 01-1940;CANA;9/02/2022;23/11/2024;4;713;122;718;Leonardo Andres Lopez;Jhon Erik Sanmiguel Rangel;23/11/2025
3501-630;1; RIOPAILA;7,3;9,2;15H1;CC 99-2282;CANA;10/02/2021;17/02/2025;5;968;133;1.059;Leonardo Andres Lopez;Jhon Erik Sanmiguel Rangel;17/02/2026
3501-631;1; RIOPAILA;5,32;9,0;15H1;CC 99-2282;CANA;22/03/2022;25/02/2025;4;721;136;641;Leonardo Andres Lopez;Jhon Erik Sanmiguel Rangel;10/02/2026
3501-640;1; RIOPAILA;15,99;7,5;23H1;VARIAS;CANA;18/03/2022;12/04/2025;4;2104;132;2.319;Leonardo Andres Lopez;Jhon Erik Sanmiguel Rangel;12/04/2026
3501-650;1; RIOPAILA;17,33;7,5;23H1;CC 05-430;CANA;28/03/2022;10/04/2025;4;2431;140;2.582;Leonardo Andres Lopez;Jhon Erik Sanmiguel Rangel;4/04/2026
3501-651;1; RIOPAILA;5,03;7,5;23H1;CC 05-430;CANA;31/03/2022;10/04/2025;4;646;129;604;Leonardo Andres Lopez;Jhon Erik Sanmiguel Rangel;4/04/2026
3102-010;2; GERTRUDIS;1,9;1,2;1H1;CC 01-1940;CANA;5/02/2022;20/10/2025;5;223;117;225;Walter Hernando Bermudez Vargas;Alberto Vasquez;20/10/2026
3102-011;2; GERTRUDIS;2,62;0,8;1H1;CC 11-595;CANA;28/08/2021;31/10/2025;5;302;115;305;Walter Hernando Bermudez Vargas;Alberto Vasquez;30/11/2026
3102-012;2; GERTRUDIS;3,77;1,1;1H1;CC 01-1940;CANA;5/02/2022;21/10/2025;5;421;112;425;Walter Hernando Bermudez Vargas;Alberto Vasquez;8/11/2026
3102-015;2; GERTRUDIS;14,02;5,5;1H1;CC 05-430;CANA;28/05/2024;12/06/2025;2;1252;89;1.954;Walter Hernando Bermudez Vargas;Alberto Vasquez;12/07/2026
3102-016;2; GERTRUDIS;6,91;4,6;1H1;CC 05-430;CANA;25/07/2024;9/07/2025;2;695;101;864;Walter Hernando Bermudez Vargas;Alberto Vasquez;24/07/2026
3102-017;2; GERTRUDIS;2,88;2,7;1H1;CC 05-430;CANA;2/09/2024;4/09/2025;2;408;142;411;Walter Hernando Bermudez Vargas;Alberto Vasquez;19/09/2026
3102-020;2; GERTRUDIS;12,74;3,4;1H1;VARIAS;CANA;6/08/2024;12/08/2025;2;1818;143;1.873;Walter Hernando Bermudez Vargas;Alberto Vasquez;12/08/2026
3102-025;2; GERTRUDIS;12,44;0,0;1H1;RENOVACION;CANA;7/03/2017;8/08/2025;1;1448;116;1.388;Walter Hernando Bermudez Vargas;Alberto Vasquez;23/08/2026
3102-030;2; GERTRUDIS;21,98;12,6;11H1;CC 01-1940;CANA;27/10/2012;6/11/2024;13;2784;127;2.806;Walter Hernando Bermudez Vargas;Alberto Vasquez;6/12/2025
3102-040;2; GERTRUDIS;10,72;2,8;11H1;CC 09-066;CANA;28/08/2024;2/09/2025;2;1530;143;1.554;Walter Hernando Bermudez Vargas;Alberto Vasquez;17/09/2026
3102-044;2; GERTRUDIS;3,79;13,3;11H1;CC 05-430;CANA;9/10/2023;17/10/2024;2;525;139;550;Walter Hernando Bermudez Vargas;Alberto Vasquez;7/12/2025
3102-050;2; GERTRUDIS;3,18;1,0;11H1;CC 01-1940;CANA;3/02/2015;27/10/2025;12;348;109;351;Walter Hernando Bermudez Vargas;Alberto Vasquez;14/11/2026
3102-060;2; GERTRUDIS;2,18;0,9;11H1;CC 10-450;CANA;12/12/2019;28/10/2025;7;238;109;240;Walter Hernando Bermudez Vargas;Alberto Vasquez;27/11/2026
3102-080;2; GERTRUDIS;7,03;11,7;6H1;VARIAS;CANA;1/12/2022;3/12/2024;3;871;124;878;Walter Hernando Bermudez Vargas;Alberto Vasquez;18/12/2025
3102-081;2; GERTRUDIS;3,04;11,7;6H1;CC 01-1940;CANA;24/12/2022;5/12/2024;3;332;109;335;Walter Hernando Bermudez Vargas;Alberto Vasquez;5/12/2025
3102-090;2; GERTRUDIS;12,51;0,6;6H1;CC 01-1940;CANA;6/09/2018;7/11/2025;9;1458;117;1.471;Walter Hernando Bermudez Vargas;Alberto Vasquez;8/12/2025
3102-091;2; GERTRUDIS;1,42;11,0;6H1;CC 11-595;CANA;26/08/2021;25/12/2024;4;166;117;156;Walter Hernando Bermudez Vargas;Alberto Vasquez;6/01/2026
3102-092;2; GERTRUDIS;2,89;1,1;6H1;CC 93-3826;CANA;24/10/2025;8/08/2025;1;339;117;349;Walter Hernando Bermudez Vargas;Alberto Vasquez;8/11/2026
3102-094;2; GERTRUDIS;3,29;1,0;6H1;CC 11-0129;CANA;25/10/2025;8/08/2025;1;360;109;315;Walter Hernando Bermudez Vargas;Alberto Vasquez;9/12/2026
3102-100;2; GERTRUDIS;21,86;12,5;6H1;CC 01-1940;CANA;4/09/2014;11/11/2024;11;2543;116;2.514;Walter Hernando Bermudez Vargas;Alberto Vasquez;11/12/2025
3102-110;2; GERTRUDIS;23,54;2,7;1H1;CC 01-1940;CANA;6/09/2022;3/09/2025;4;2773;118;2.707;Walter Hernando Bermudez Vargas;Alberto Vasquez;3/10/2026
3102-120;2; GERTRUDIS;10,06;12,4;1H1;CC 05-430;CANA;14/11/2023;12/11/2024;2;1390;138;1.400;Walter Hernando Bermudez Vargas;Alberto Vasquez;12/12/2025
3102-121;2; GERTRUDIS;11,96;12,1;1H1;VARIAS;CANA;12/12/2023;22/11/2024;2;1452;121;1.495;Walter Hernando Bermudez Vargas;Alberto Vasquez;22/12/2025
3102-140;2; GERTRUDIS;6,59;5,7;6H1;CC 01-1940;CANA;23/09/2014;4/06/2025;11;834;127;791;Walter Hernando Bermudez Vargas;Alberto Vasquez;4/06/2026
3102-151;2; GERTRUDIS;10,97;8,9;6H1;VARIAS;CANA;8/02/2023;27/02/2025;3;1388;127;1.278;Walter Hernando Bermudez Vargas;Alberto Vasquez;27/02/2026
3102-160;2; GERTRUDIS;10,78;2,7;6H1;CC 99-2282;CANA;1/09/2023;3/09/2025;3;1309;121;1.348;Walter Hernando Bermudez Vargas;Alberto Vasquez;3/10/2026
3102-161;2; GERTRUDIS;12,7;2,6;6H1;CC 05-430;CANA;15/09/2023;6/09/2025;3;1607;127;1.620;Walter Hernando Bermudez Vargas;Alberto Vasquez;21/09/2026
3102-170;2; GERTRUDIS;17,58;0,0;7H0;RENOVACION;CANA;24/10/2012;28/10/2025;14;2135;121;2.153;Walter Hernando Bermudez Vargas;Alberto Vasquez;12/11/2026
3102-171;2; GERTRUDIS;5,26;2,2;7H0;CC 01-1940;CANA;28/02/2014;20/09/2025;12;644;122;649;Walter Hernando Bermudez Vargas;Alberto Vasquez;20/09/2026
3102-180;2; GERTRUDIS;13,5;11,7;7H0;CC 01-1940;CANA;14/12/2016;3/12/2024;9;1571;116;1.584;Walter Hernando Bermudez Vargas;Alberto Vasquez;3/12/2025
3102-181;2; GERTRUDIS;10,57;4,7;7H0;CC 11-595;CANA;31/03/2024;5/07/2025;2;1401;133;1.427;Walter Hernando Bermudez Vargas;Alberto Vasquez;4/11/2026
3102-190;2; GERTRUDIS;19,25;4,5;7H0;CC 01-1940;CANA;23/03/2015;12/07/2025;11;2437;127;2.503;Walter Hernando Bermudez Vargas;Alberto Vasquez;6/07/2026
3102-191;2; GERTRUDIS;4,43;3,6;7H0;CC 11-595;CANA;13/08/2022;8/08/2025;4;529;119;520;Walter Hernando Bermudez Vargas;Alberto Vasquez;7/09/2026
3102-280;2; GERTRUDIS;7,97;5,2;11H1;VARIAS;CANA;30/07/2021;20/06/2025;5;1016;128;837;Walter Hernando Bermudez Vargas;Alberto Vasquez;20/06/2026
3102-281;2; GERTRUDIS;12,44;3,4;11H1;CC 05-430;CANA;15/08/2025;20/06/2025;1;1586;128;1.306;Walter Hernando Bermudez Vargas;Alberto Vasquez;14/09/2026
3102-290;2; GERTRUDIS;14,45;1,4;11H1;CC 05-430;CANA;19/08/2022;14/10/2025;4;1843;128;1.857;Walter Hernando Bermudez Vargas;Alberto Vasquez;29/10/2026
3102-300;2; GERTRUDIS;3,36;13,9;11H1;VARIAS;CANA;23/12/2021;29/09/2024;4;408;121;411;Walter Hernando Bermudez Vargas;Alberto Vasquez;29/11/2025
3104-010;2; VALPARAISO;16,32;2,7;6H2;CC 05-430;CANA;30/08/2024;5/09/2025;2;2180;134;2.285;Walter Hernando Bermudez Vargas;Hector Lopez;5/10/2026
3104-020;2; VALPARAISO;10,42;11,3;1H2;CC 01-1940;CANA;17/05/2015;15/12/2024;10;1139;109;1.149;Walter Hernando Bermudez Vargas;Hector Lopez;21/12/2025
3104-021;2; VALPARAISO;6,68;3,4;1H2;CC 05-430;CANA;12/08/2025;10/02/2025;1;730;109;718;Walter Hernando Bermudez Vargas;Hector Lopez;12/08/2026
3104-030;2; VALPARAISO;10,85;7,3;1H2;CC 05-430;SEMILLA;7/05/2024;16/04/2025;2;1499;138;1.262;Walter Hernando Bermudez Vargas;Hector Lopez;8/04/2026
3104-040;2; VALPARAISO;9,14;0,9;1H2;CC 99-2282;CANA;18/10/2023;30/10/2025;3;1091;119;1.143;Walter Hernando Bermudez Vargas;Hector Lopez;14/11/2026
3104-041;2; VALPARAISO;10,36;10,9;1H2;CC 10-450;CANA;8/01/2020;27/12/2024;6;1321;128;1.036;Walter Hernando Bermudez Vargas;Hector Lopez;26/02/2026
3104-050;2; VALPARAISO;13,43;11,3;1H2;VARIAS;CANA;25/11/2020;16/12/2024;5;1563;116;1.576;Walter Hernando Bermudez Vargas;Hector Lopez;16/12/2025
3104-051;2; VALPARAISO;5,18;4,4;1H2;CC 01-1940;CANA;5/02/2021;15/07/2025;5;527;102;534;Walter Hernando Bermudez Vargas;Hector Lopez;15/07/2026
3104-060;2; VALPARAISO;9,2;7,3;1H2;CC 11-595;CANA;22/04/2024;17/04/2025;2;1238;135;1.247;Walter Hernando Bermudez Vargas;Hector Lopez;17/06/2026
3104-061;2; VALPARAISO;9,32;11,1;1H2;CC 10-450;CANA;29/02/2020;23/12/2024;5;1019;109;1.028;Walter Hernando Bermudez Vargas;Hector Lopez;22/01/2026
3104-070;2; VALPARAISO;14;3,5;1H2;MAJA 6;ARROZ;10/08/2025;23/01/2025;1;1629;116;1.498;Walter Hernando Bermudez Vargas;Hector Lopez;24/12/2025
3104-080;2; VALPARAISO;5,52;9,2;5H4;CC 10-450;CANA;19/02/2020;17/02/2025;5;603;109;652;Walter Hernando Bermudez Vargas;Hector Lopez;17/02/2026
3104-081;2; VALPARAISO;4,65;3,8;5H4;CC 12-2120;CANA;17/07/2023;2/08/2025;3;543;117;557;Walter Hernando Bermudez Vargas;Hector Lopez;1/09/2026
3104-082;2; VALPARAISO;1,13;9,7;5H4;CC 12-2120;CANA;17/07/2023;4/02/2025;3;119;105;119;Walter Hernando Bermudez Vargas;Hector Lopez;6/03/2026
3104-090;2; VALPARAISO;14,11;11,8;5H4;CC 11-595;CANA;24/10/2023;1/12/2024;2;1920;136;1.934;Walter Hernando Bermudez Vargas;Hector Lopez;31/12/2025
3104-100;2; VALPARAISO;5,72;13,5;5H4;CC 11-595;CANA;13/10/2023;9/10/2024;2;648;113;654;Walter Hernando Bermudez Vargas;Hector Lopez;9/12/2025
3104-102;2; VALPARAISO;5,51;13,6;5H4;CC 11-595;CANA;19/09/2023;7/10/2024;2;625;113;630;Walter Hernando Bermudez Vargas;Hector Lopez;7/12/2025
3104-103;2; VALPARAISO;5,81;13,6;5H4;CC 11-595;CANA;11/09/2023;7/10/2024;2;650;112;656;Walter Hernando Bermudez Vargas;Hector Lopez;6/11/2025
3104-110;2; VALPARAISO;20,17;15,1;5H4;CC 11-595;CANA;15/08/2023;23/08/2024;2;2205;109;2.118;Walter Hernando Bermudez Vargas;Hector Lopez;7/11/2025
3104-120;2; VALPARAISO;14,42;3,2;6H2;CC 01-1940;CANA;16/08/2016;19/08/2025;10;1751;121;1.766;Walter Hernando Bermudez Vargas;Hector Lopez;19/08/2026
3104-123;2; VALPARAISO;3,72;3,0;6H2;CC 01-1940;CANA;3/06/2015;25/08/2025;11;399;107;391;Walter Hernando Bermudez Vargas;Hector Lopez;25/08/2026
3104-130;2; VALPARAISO;8,97;4,8;1H2;CC 13-2035;CANA;5/07/2024;2/07/2025;2;726;81;1.256;Walter Hernando Bermudez Vargas;Hector Lopez;2/07/2026
3104-131;2; VALPARAISO;8,94;13,8;1H2;CC 01-1940;CANA;11/08/2016;1/10/2024;9;976;109;985;Walter Hernando Bermudez Vargas;Hector Lopez;15/11/2025
3104-140;2; VALPARAISO;14,02;12,0;1H2;CC 12-2120;CANA;5/12/2023;25/11/2024;2;1617;115;1.631;Walter Hernando Bermudez Vargas;Hector Lopez;10/12/2025
3104-141;2; VALPARAISO;6,49;1,8;1H2;CC 13-2035;CANA;30/09/2025;2/08/2025;1;696;107;631;Walter Hernando Bermudez Vargas;Hector Lopez;30/10/2026
3104-142;2; VALPARAISO;3,58;3,0;1H2;CC 11-595;CANA;12/08/2023;25/08/2025;3;384;107;388;Walter Hernando Bermudez Vargas;Hector Lopez;9/09/2026
3104-150;2; VALPARAISO;10,33;3,1;1H2;CC 13-2035;CANA;23/08/2025;30/01/2025;1;1154;112;930;Walter Hernando Bermudez Vargas;Hector Lopez;23/08/2026
3104-160;2; VALPARAISO;8,45;8,7;5H4;CC 05-430;CANA;23/02/2024;5/03/2025;2;1120;133;868;Walter Hernando Bermudez Vargas;Hector Lopez;20/03/2026
3104-161;2; VALPARAISO;8,97;7,2;5H4;CC 14-3296;CANA;29/04/2024;19/04/2025;2;716;80;1.081;Walter Hernando Bermudez Vargas;Hector Lopez;25/05/2026
3104-170;2; VALPARAISO;7,29;3,2;5H4;CC 05-430;CANA;17/08/2023;20/08/2025;3;885;121;911;Walter Hernando Bermudez Vargas;Hector Lopez;20/08/2026
3104-171;2; VALPARAISO;14,1;0,0;5H4;RENOVACION;CANA;18/09/2019;23/03/2025;1;1541;109;1.548;Walter Hernando Bermudez Vargas;Hector Lopez;22/06/2026
3104-180;2; VALPARAISO;6,74;15,3;5H4;CC 11-600;CANA;6/04/2020;15/08/2024;4;683;101;689;Walter Hernando Bermudez Vargas;Hector Lopez;14/11/2025
3104-181;2; VALPARAISO;5,74;3,2;5H4;CC 11-600;CANA;6/04/2020;21/08/2025;5;587;102;592;Walter Hernando Bermudez Vargas;Hector Lopez;5/09/2026
3104-182;2; VALPARAISO;6,73;3,2;5H4;CC 01-1940;CANA;6/04/2020;20/08/2025;5;688;102;695;Walter Hernando Bermudez Vargas;Hector Lopez;4/09/2026
3104-190;2; VALPARAISO;8,27;13,2;1H2;CC 05-430;CANA;4/11/2023;18/10/2024;2;1063;129;1.116;Walter Hernando Bermudez Vargas;Hector Lopez;2/11/2025
3104-192;2; VALPARAISO;7,92;5,2;1H2;CC 99-2282;CANA;27/05/2016;20/06/2025;10;970;122;982;Walter Hernando Bermudez Vargas;Hector Lopez;5/07/2026
3104-200;2; VALPARAISO;8,32;12,5;1H2;CC 05-430;CANA;28/11/2023;9/11/2024;2;1019;122;1.082;Walter Hernando Bermudez Vargas;Hector Lopez;24/11/2025
3104-201;2; VALPARAISO;7,72;4,5;1H2;CC 05-430;CANA;17/07/2024;11/07/2025;2;1020;132;1.081;Walter Hernando Bermudez Vargas;Hector Lopez;2/07/2026
3104-210;2; VALPARAISO;4,84;13,8;1H2;CC 01-1940;CANA;30/04/2014;30/09/2024;11;532;110;537;Walter Hernando Bermudez Vargas;Hector Lopez;14/11/2025
3104-211;2; VALPARAISO;4,94;13,8;1H2;CC 92-2198;CANA;5/04/2013;30/09/2024;12;531;107;536;Walter Hernando Bermudez Vargas;Hector Lopez;14/11/2025
3104-213;2; VALPARAISO;8,07;7,2;1H2;CC 11-0213;CANA;16/04/2024;19/04/2025;2;1070;133;1.074;Walter Hernando Bermudez Vargas;Hector Lopez;19/04/2026
3104-220;2; VALPARAISO;8,41;3,8;1H2;CC 01-1940;CANA;1/04/2019;2/08/2025;7;938;112;1.044;Walter Hernando Bermudez Vargas;Hector Lopez;2/08/2026
3104-221;2; VALPARAISO;10,36;4,0;5H4;CC 05-430;CANA;24/06/2023;25/07/2025;3;1373;133;1.399;Walter Hernando Bermudez Vargas;Hector Lopez;3/08/2026
3104-230;2; VALPARAISO;11,26;2,9;5H4;CC 05-430;CANA;29/08/2025;17/02/2025;1;1355;120;885;Walter Hernando Bermudez Vargas;Hector Lopez;29/08/2026
3104-234;2; VALPARAISO;10,74;5,3;5H4;CC 05-430;CANA;22/04/2024;16/06/2025;2;1478;138;1.706;Walter Hernando Bermudez Vargas;Hector Lopez;31/07/2026
3104-240;2; VALPARAISO;17,78;2,6;5H4;CC 13-2035;CANA;6/09/2025;17/02/2025;1;2179;123;1.465;Walter Hernando Bermudez Vargas;Hector Lopez;6/09/2026
3104-241;2; VALPARAISO;3,9;2,6;5H4;CC 13-2035;CANA;8/09/2025;17/02/2025;1;477;122;320;Walter Hernando Bermudez Vargas;Hector Lopez;8/09/2026
3104-250;2; VALPARAISO;9,02;4,1;5H3;CC 11-600;CANA;14/01/2020;23/07/2025;6;1008;112;992;Walter Hernando Bermudez Vargas;Hector Lopez;22/08/2026
3104-251;2; VALPARAISO;8,28;4,2;5H3;CC 11-600;CANA;14/01/2020;21/07/2025;6;888;107;896;Walter Hernando Bermudez Vargas;Hector Lopez;20/08/2026
3104-252;2; VALPARAISO;7,97;4,1;5H3;CC 11-600;CANA;14/01/2020;23/07/2025;6;855;107;863;Walter Hernando Bermudez Vargas;Hector Lopez;22/08/2026
3104-260;2; VALPARAISO;7,57;3,4;5H3;CC 01-1940;CANA;31/01/2020;14/08/2025;6;846;112;833;Walter Hernando Bermudez Vargas;Hector Lopez;29/08/2026
3104-261;2; VALPARAISO;7,12;0,0;5H3;RENOVACION;CANA;6/02/2020;3/08/2025;1;764;107;707;Walter Hernando Bermudez Vargas;Hector Lopez;2/09/2026
3104-262;2; VALPARAISO;6,94;0,0;5H3;RENOVACION;CANA;11/02/2020;3/08/2025;1;744;107;701;Walter Hernando Bermudez Vargas;Hector Lopez;15/08/2026
3104-270;2; VALPARAISO;13,87;12,6;1H2;CC 99-2282;CANA;28/11/2023;8/11/2024;2;1755;127;1.803;Walter Hernando Bermudez Vargas;Hector Lopez;23/11/2025
3104-280;2; VALPARAISO;11,44;4,6;1H2;CC 01-1940;CANA;8/04/2014;8/07/2025;12;1389;121;1.453;Walter Hernando Bermudez Vargas;Hector Lopez;8/07/2026
3104-340;2; VALPARAISO;9,23;13,2;7H2;CC 99-2282;CANA;31/10/2023;19/10/2024;2;1167;126;1.181;Walter Hernando Bermudez Vargas;Hector Lopez;6/11/2025
3104-341;2; VALPARAISO;5,02;11,8;7H2;CC 01-1940;CANA;18/12/2018;2/12/2024;7;549;109;554;Walter Hernando Bermudez Vargas;Hector Lopez;2/12/2025
3104-350;2; VALPARAISO;12,85;0,8;6H2;VARIAS;CANA;27/02/2015;31/10/2025;11;1456;113;1.469;Walter Hernando Bermudez Vargas;Hector Lopez;31/12/2026
3104-351;2; VALPARAISO;10,18;5,3;6H2;CC 01-1940;CANA;14/05/2016;16/06/2025;10;1236;121;1.392;Walter Hernando Bermudez Vargas;Hector Lopez;16/06/2026
3104-360;2; VALPARAISO;18,23;12,0;6H2;CC 01-1940;CANA;5/12/2018;24/11/2024;7;2011;110;2.029;Walter Hernando Bermudez Vargas;Hector Lopez;24/12/2025
3104-370;2; VALPARAISO;9,49;11,8;1H2;VARIAS;CANA;2/08/2017;1/12/2024;8;1018;107;1.028;Walter Hernando Bermudez Vargas;Hector Lopez;1/12/2025
3104-371;2; VALPARAISO;8,07;0,8;1H2;CC 05-430;CANA;10/10/2023;31/10/2025;3;1052;130;1.060;Walter Hernando Bermudez Vargas;Hector Lopez;31/12/2026
3104-410;2; VALPARAISO;8,79;11,2;7H2;CC 99-2282;CANA;25/01/2024;20/12/2024;2;987;112;949;Walter Hernando Bermudez Vargas;Hector Lopez;19/01/2026
3104-420;2; VALPARAISO;11,13;11,8;7H1;SP 71-6949;CANA;23/11/2023;30/11/2024;2;1194;107;1.202;Walter Hernando Bermudez Vargas;Hector Lopez;15/12/2025
3104-430;2; VALPARAISO;13,88;13,0;7H1;CC 01-1940;CANA;16/08/2018;24/10/2024;7;1278;92;1.292;Walter Hernando Bermudez Vargas;Hector Lopez;11/11/2025
3104-440;2; VALPARAISO;10,18;5,5;7H2;CC 01-1940;CANA;18/09/2014;12/06/2025;11;989;97;1.135;Walter Hernando Bermudez Vargas;Hector Lopez;6/06/2026
3105-300;2; MORILLO;13,09;11,8;1H1;CC 05-430;CANA;18/11/2023;30/11/2024;2;1573;120;1.586;Walter Hernando Bermudez Vargas;Andres Mesa;15/12/2025
3105-310;2; MORILLO;11;0,8;6H1;CC 13-2035;CANA;31/10/2025;17/03/2025;1;1229;112;924;Walter Hernando Bermudez Vargas;Andres Mesa;23/10/2026
3105-320;2; MORILLO;11,96;0,6;6H1;VARIAS;CANA;26/08/2020;6/11/2025;6;1452;121;1.464;Walter Hernando Bermudez Vargas;Andres Mesa;11/11/2025
3105-430;2; MORILLO;4,74;4,9;1H1;SP 71-6949;CANA;3/03/2017;28/06/2025;9;556;117;569;Walter Hernando Bermudez Vargas;Andres Mesa;28/06/2026
3105-431;2; MORILLO;4,66;4,1;1H1;CC 13-2035;CANA;22/07/2025;20/03/2025;1;509;109;442;Walter Hernando Bermudez Vargas;Andres Mesa;22/07/2026
3105-440;2; MORILLO;6,31;11,8;6H1;CC 01-1940;CANA;6/11/2015;1/12/2024;10;766;121;773;Walter Hernando Bermudez Vargas;Andres Mesa;1/12/2025
3105-450;2; MORILLO;9,41;12,1;7H0;CC 11-600;CANA;30/11/2019;23/11/2024;6;1143;121;1.129;Walter Hernando Bermudez Vargas;Andres Mesa;8/12/2025
3105-460;2; MORILLO;13,45;11,8;1H1;CC 05-430;CANA;31/12/2022;2/12/2024;3;1647;122;1.681;Walter Hernando Bermudez Vargas;Andres Mesa;2/12/2025
3105-600;2; MORILLO;6,19;13,6;1H1;VARIAS;CANA;15/10/2022;6/10/2024;3;789;128;805;Walter Hernando Bermudez Vargas;Andres Mesa;20/11/2025
3105-601;2; MORILLO;1,93;13,9;1H1;CC 01-1940;CANA;27/12/2010;29/09/2024;14;234;121;241;Walter Hernando Bermudez Vargas;Andres Mesa;13/11/2025
3105-610;2; MORILLO;4,39;5,6;7H0;CC 05-430;CANA;23/06/2023;8/06/2025;3;555;127;650;Walter Hernando Bermudez Vargas;Andres Mesa;14/06/2026
3105-611;2; MORILLO;7,19;1,1;6H1;VARIAS;CANA;18/10/2022;23/10/2025;4;977;136;984;Walter Hernando Bermudez Vargas;Andres Mesa;4/11/2026
3105-612;2; MORILLO;6,67;5,6;7H0;CC 05-430;CANA;21/06/2023;8/06/2025;3;851;128;1.008;Walter Hernando Bermudez Vargas;Andres Mesa;17/06/2026
3105-613;2; MORILLO;2,79;5,5;1H1;CC 05-430;CANA;23/06/2023;11/06/2025;3;342;122;449;Walter Hernando Bermudez Vargas;Andres Mesa;11/06/2026
3105-620;2; MORILLO;12,88;12,6;7H0;CC 05-430;CANA;8/11/2024;24/09/2024;1;1721;134;1.803;Walter Hernando Bermudez Vargas;Andres Mesa;8/11/2025
3105-630;2; MORILLO;13,47;12,8;7H0;CC 13-2035;CANA;31/10/2024;22/09/2024;1;1799;134;1.886;Walter Hernando Bermudez Vargas;Andres Mesa;15/11/2025
3105-640;2; MORILLO;13,37;1,7;1H1;CC 05-430;CANA;21/09/2024;4/10/2025;2;1867;140;1.881;Walter Hernando Bermudez Vargas;Andres Mesa;19/10/2026
3105-650;2; MORILLO;7,28;3,1;5H3;CC 01-1940;CANA;24/10/2018;23/08/2025;8;884;121;910;Walter Hernando Bermudez Vargas;Andres Mesa;7/09/2026
3105-651;2; MORILLO;7,1;13,8;5H3;CC 05-430;CANA;30/09/2024;28/05/2024;1;941;133;948;Walter Hernando Bermudez Vargas;Andres Mesa;14/11/2025
3105-660;2; MORILLO;4,07;4,4;5H3;CC 11-595;CANA;28/04/2023;13/07/2025;3;512;126;509;Walter Hernando Bermudez Vargas;Andres Mesa;6/09/2026
3109-010;2; VENECIA;19,57;3,9;5H3;CC 05-430;CANA;12/07/2023;29/07/2025;3;2575;132;2.594;Walter Hernando Bermudez Vargas;Freddy Reyes;13/08/2026
3109-020;2; VENECIA;17,13;11,1;10H3;CC 11-595;CANA;28/10/2023;21/12/2024;2;2147;125;2.059;Walter Hernando Bermudez Vargas;Freddy Reyes;2/01/2026
3109-060;2; VENECIA;4;5,6;5H3;CC 05-430;CANA;5/07/2023;9/06/2025;3;490;122;400;Walter Hernando Bermudez Vargas;Freddy Reyes;9/07/2026
3109-061;2; VENECIA;11,43;11,8;5H3;CC 01-1940;CANA;13/09/2018;30/11/2024;7;1333;117;1.344;Walter Hernando Bermudez Vargas;Freddy Reyes;30/11/2025
3109-062;2; VENECIA;3,56;11,8;5H3;CC 01-1940;CANA;14/11/2015;30/11/2024;10;422;118;425;Walter Hernando Bermudez Vargas;Freddy Reyes;30/12/2025
3109-070;2; VENECIA;17,64;11,4;5H3;VARIAS;CANA;13/11/2023;13/12/2024;2;2448;139;2.209;Walter Hernando Bermudez Vargas;Freddy Reyes;3/01/2026
3109-110;2; VENECIA;9,63;11,3;5H3;CC 01-1940;CANA;3/08/2012;15/12/2024;13;1121;116;1.131;Walter Hernando Bermudez Vargas;Freddy Reyes;18/12/2025
3109-111;2; VENECIA;9,01;2,6;5H3;CC 05-430;CANA;3/09/2024;6/09/2025;2;1286;143;1.295;Walter Hernando Bermudez Vargas;Freddy Reyes;6/09/2026
3109-120;2; VENECIA;16,27;11,3;5H3;CC 99-2282;CANA;20/09/2017;15/12/2024;8;1976;121;1.992;Walter Hernando Bermudez Vargas;Freddy Reyes;15/12/2025
3109-160;2; VENECIA;11,39;3,8;5H3;CC 01-1940;CANA;5/12/2015;1/08/2025;10;1356;119;1.370;Walter Hernando Bermudez Vargas;Freddy Reyes;16/08/2026
3109-161;2; VENECIA;5,62;11,4;5H3;CC 01-1940;CANA;19/11/2020;14/12/2024;5;669;119;674;Walter Hernando Bermudez Vargas;Freddy Reyes;14/12/2025
3109-170;2; VENECIA;12,62;12,0;5H3;CC 11-600;CANA;20/09/2019;24/11/2024;6;1379;109;1.392;Walter Hernando Bermudez Vargas;Freddy Reyes;24/11/2025
3109-171;2; VENECIA;3,17;14,3;5H3;CC 05-430;CANA;17/09/2024;25/07/2024;1;428;135;444;Walter Hernando Bermudez Vargas;Freddy Reyes;1/11/2025
3109-210;2; VENECIA;19,34;8,3;5H2;CC 05-430;CANA;12/03/2024;17/03/2025;2;2760;143;2.769;Walter Hernando Bermudez Vargas;Freddy Reyes;16/06/2026
3109-220;2; VENECIA;11,92;12,5;5H3;CC 01-1940;CANA;29/08/2015;9/11/2024;10;1303;109;1.315;Walter Hernando Bermudez Vargas;Freddy Reyes;9/11/2025
3109-221;2; VENECIA;2,14;13,6;5H3;CC 01-1940;CANA;1/04/2019;7/10/2024;6;241;113;244;Walter Hernando Bermudez Vargas;Freddy Reyes;21/11/2025
3109-222;2; VENECIA;1,61;11,7;5H3;CC 13-2035;CANA;1/04/2024;4/12/2024;2;114;71;114;Walter Hernando Bermudez Vargas;Freddy Reyes;19/11/2025
3109-261;2; VENECIA;4,98;12,1;5H2;CC 85-92;CANA;5/02/2013;21/11/2024;12;575;115;580;Walter Hernando Bermudez Vargas;Freddy Reyes;21/12/2025
3109-262;2; VENECIA;7,5597;11,4;5H3;CC 85-92;CANA;24/08/2012;14/12/2024;13;872;115;880;Walter Hernando Bermudez Vargas;Freddy Reyes;14/12/2025
3109-270;2; VENECIA;7,8;3,6;5H3;CC 13-2035;CANA;6/08/2025;8/05/2025;1;398;51;398;Walter Hernando Bermudez Vargas;Freddy Reyes;6/08/2026
3109-271;2; VENECIA;7,84;3,6;5H3;CC 13-2035;CANA;7/08/2025;12/05/2025;1;400;51;400;Walter Hernando Bermudez Vargas;Freddy Reyes;7/08/2026
3109-300;2; VENECIA;2,1;11,3;5H3;CC 01-1940;CANA;1/03/2012;15/12/2024;13;242;115;244;Walter Hernando Bermudez Vargas;Freddy Reyes;14/01/2026
3109-301;2; VENECIA;2,84;15,0;5H3;CC 05-430;CANA;24/08/2024;30/03/2024;1;377;133;398;Walter Hernando Bermudez Vargas;Freddy Reyes;8/11/2025
3109-310;2; VENECIA;15,77;2,9;10H3;MAJA 6;ARROZ;30/08/2025;31/07/2025;1;1839;117;1.735;Walter Hernando Bermudez Vargas;Freddy Reyes;29/01/2026
3109-340;2; VENECIA;16,88;3,8;5H3;CC 11-595;CANA;2/03/2021;31/07/2025;5;1982;117;2.161;Walter Hernando Bermudez Vargas;Freddy Reyes;22/07/2026
3109-350;2; VENECIA;5,53;2,8;5H3;CC 05-430;CANA;23/08/2024;1/09/2025;2;761;138;774;Walter Hernando Bermudez Vargas;Freddy Reyes;1/10/2026
3109-351;2; VENECIA;5,66;13,8;5H3;CC 85-92;CANA;31/01/2013;1/10/2024;12;677;120;683;Walter Hernando Bermudez Vargas;Freddy Reyes;15/11/2025
3109-352;2; VENECIA;4,36;3,8;5H3;CC 99-2282;CANA;4/08/2023;1/08/2025;3;561;129;543;Walter Hernando Bermudez Vargas;Freddy Reyes;16/08/2026
3109-400;2; VENECIA;8,82;2,6;5H3;CC 01-1940;CANA;7/05/2018;6/09/2025;8;1125;128;1.147;Walter Hernando Bermudez Vargas;Freddy Reyes;6/10/2026
3109-410;2; VENECIA;17,32;4,0;5H3;CC 11-595;CANA;12/08/2022;26/07/2025;4;2121;122;2.182;Walter Hernando Bermudez Vargas;Freddy Reyes;26/07/2026
3109-420;2; VENECIA;10,3;2,0;5H3;CC 11-595;CANA;13/09/2022;25/09/2025;4;1126;109;1.136;Walter Hernando Bermudez Vargas;Freddy Reyes;25/10/2026
3109-422;2; VENECIA;4,7;11,1;5H3;CC 12-2120;CANA;3/02/2024;23/12/2024;2;629;134;518;Walter Hernando Bermudez Vargas;Freddy Reyes;4/01/2026
3109-500;2; VENECIA;18,57;0,9;5H3;CC 01-1940;CANA;10/03/2015;28/10/2025;11;2255;121;2.274;Walter Hernando Bermudez Vargas;Freddy Reyes;27/11/2026
3109-510;2; VENECIA;11,93;2,2;23H1;CC 05-430;CANA;27/09/2023;18/09/2025;4;1521;128;1.551;Walter Hernando Bermudez Vargas;Freddy Reyes;18/09/2026
3109-511;2; VENECIA;9,68;2,1;23H1;CC 05-430;CANA;30/09/2023;22/09/2025;3;1274;132;1.284;Walter Hernando Bermudez Vargas;Freddy Reyes;7/10/2026
3109-520;2; VENECIA;14,64;0,9;5H3;CC 01-1940;CANA;25/09/2017;28/10/2025;9;1783;122;1.797;Walter Hernando Bermudez Vargas;Freddy Reyes;27/11/2026
3109-530;2; VENECIA;15,27;13,6;5H3;CC 11-595;CANA;10/09/2021;8/10/2024;4;1914;125;1.929;Walter Hernando Bermudez Vargas;Freddy Reyes;7/11/2025
3110-010;2; NORMANDIA;7,44;4,0;5H3;CC 13-2035;CANA;26/07/2025;23/01/2025;1;816;110;816;Walter Hernando Bermudez Vargas;Andres Mesa;11/07/2026
3110-020;2; NORMANDIA;12,22;3,2;5H3;CC 05-430;CANA;23/08/2024;19/08/2025;2;1632;134;1.711;Walter Hernando Bermudez Vargas;Andres Mesa;19/08/2026
3110-030;2; NORMANDIA;7,06;2,1;5H3;PANORAMA;ARROZ;25/04/2025;22/09/2025;1;64;9;64;Walter Hernando Bermudez Vargas;Andres Mesa;21/02/2026
3110-031;2; NORMANDIA;6,13;0,0;5H3;RENOVACION;ARROZ;25/03/2019;12/09/2025;1;670;109;676;Walter Hernando Bermudez Vargas;Andres Mesa;27/09/2026
3110-040;2; NORMANDIA;10,62;8,5;5H3;CC 11-595;CANA;24/02/2024;10/03/2025;2;1299;122;1.368;Walter Hernando Bermudez Vargas;Andres Mesa;16/03/2026
3110-050;2; NORMANDIA;8,33;13,6;5H3;CC 01-1940;CANA;25/03/2014;6/10/2024;11;940;113;948;Walter Hernando Bermudez Vargas;Andres Mesa;5/11/2025
3110-051;2; NORMANDIA;8,07;1,1;5H3;CC 05-430;CANA;28/08/2024;23/10/2025;2;1029;128;1.089;Walter Hernando Bermudez Vargas;Andres Mesa;7/12/2026
3110-060;2; NORMANDIA;4,72;11,5;5H3;CC 01-1940;CANA;11/09/2018;9/12/2024;7;573;121;590;Walter Hernando Bermudez Vargas;Andres Mesa;8/01/2026
3110-061;2; NORMANDIA;3,1;11,4;5H3;CC 11-0132;CANA;22/11/2023;13/12/2024;2;181;58;181;Walter Hernando Bermudez Vargas;Andres Mesa;12/11/2025
3110-064;2; NORMANDIA;3,02;11,4;5H3;CC 01-1940;CANA;28/03/2014;12/12/2024;11;367;121;378;Walter Hernando Bermudez Vargas;Andres Mesa;11/01/2026
3110-070;2; NORMANDIA;10,42;11,1;5H3;CC 11-0132;CANA;20/01/2024;22/12/2024;2;1265;121;1.303;Walter Hernando Bermudez Vargas;Andres Mesa;21/01/2026
3110-071;2; NORMANDIA;4,7;8,0;5H3;CC 11-595;CANA;10/02/2024;25/03/2025;2;595;127;603;Walter Hernando Bermudez Vargas;Andres Mesa;18/04/2026
3110-080;2; NORMANDIA;3,42;11,4;5H3;CC 11-0132;CANA;23/11/2023;13/12/2024;2;419;122;428;Walter Hernando Bermudez Vargas;Andres Mesa;25/12/2025
3110-081;2; NORMANDIA;5,21;11,1;5H3;CC 11-0132;CANA;18/01/2024;22/12/2024;2;638;122;651;Walter Hernando Bermudez Vargas;Andres Mesa;21/01/2026
3110-082;2; NORMANDIA;3,3;11,5;5H3;CC 11-0132;CANA;25/11/2023;9/12/2024;2;411;124;414;Walter Hernando Bermudez Vargas;Andres Mesa;9/12/2025
3110-090;2; NORMANDIA;6,79;14,1;10H2;CC 01-1940;CANA;6/09/2018;22/09/2024;7;825;121;831;Walter Hernando Bermudez Vargas;Andres Mesa;6/11/2025
3110-091;2; NORMANDIA;10,7;14,1;10H2;CC 01-1940;CANA;22/03/2014;23/09/2024;11;1256;117;1.284;Walter Hernando Bermudez Vargas;Andres Mesa;7/11/2025
3110-092;2; NORMANDIA;6,27;14,1;10H2;CC 01-1940;CANA;11/08/2016;23/09/2024;9;731;117;752;Walter Hernando Bermudez Vargas;Andres Mesa;7/11/2025
3110-100;2; NORMANDIA;11,73;4,4;5H3;CC 05-430;CANA;31/05/2024;15/07/2025;2;1528;130;1.642;Walter Hernando Bermudez Vargas;Andres Mesa;14/09/2026
3110-110;2; NORMANDIA;15,51;2,3;5H3;PANORAMA;ARROZ;25/04/2025;16/09/2025;1;141;9;140;Walter Hernando Bermudez Vargas;Andres Mesa;15/02/2026
3110-120;2; NORMANDIA;15,7;2,8;5H3;CC 11-595;CANA;18/08/2023;1/09/2025;3;1922;122;1.963;Walter Hernando Bermudez Vargas;Andres Mesa;16/09/2026
3110-130;2; NORMANDIA;1,98;3,6;5H3;CC 01-1940;CANA;3/04/2014;7/08/2025;12;240;121;263;Walter Hernando Bermudez Vargas;Andres Mesa;22/08/2026
3110-140;2; NORMANDIA;9,88;3,0;5H3;CC 05-430;CANA;2/09/2023;26/08/2025;3;1180;119;1.190;Walter Hernando Bermudez Vargas;Andres Mesa;25/09/2026
3110-141;2; NORMANDIA;6,22;3,0;5H3;CC 11-595;CANA;7/09/2023;26/08/2025;3;743;119;749;Walter Hernando Bermudez Vargas;Andres Mesa;10/09/2026
3110-150;2; NORMANDIA;6,06;3,1;5H3;CC 05-430;CANA;24/08/2023;23/08/2025;3;711;117;727;Walter Hernando Bermudez Vargas;Andres Mesa;23/08/2026
3110-151;2; NORMANDIA;11,65;4,2;5H3;CC 11-595;CANA;31/05/2022;21/07/2025;4;1355;116;1.398;Walter Hernando Bermudez Vargas;Andres Mesa;21/07/2026
3110-160;2; NORMANDIA;5,98;3,1;5H3;CC 05-430;CANA;20/08/2023;24/08/2025;3;732;122;748;Walter Hernando Bermudez Vargas;Andres Mesa;24/08/2026
3110-161;2; NORMANDIA;5,58;3,7;5H3;CC 11-595;CANA;15/07/2021;4/08/2025;5;655;117;719;Walter Hernando Bermudez Vargas;Andres Mesa;19/08/2026
3110-162;2; NORMANDIA;5,97;4,1;5H3;CC 11-595;CANA;20/05/2022;23/07/2025;4;701;117;716;Walter Hernando Bermudez Vargas;Andres Mesa;23/07/2026
3110-170;2; NORMANDIA;11,71;1,5;5H3;CC 01-1940;CANA;28/02/2012;9/10/2025;14;1362;116;1.374;Walter Hernando Bermudez Vargas;Andres Mesa;24/10/2026
3110-180;2; NORMANDIA;9,64;3,1;5H3;CC 05-430;CANA;23/08/2023;23/08/2025;3;1151;119;1.205;Walter Hernando Bermudez Vargas;Andres Mesa;23/08/2026
3110-190;2; NORMANDIA;16,33;4,2;5H3;CC 05-430;CANA;28/02/2024;20/07/2025;2;2023;124;2.286;Walter Hernando Bermudez Vargas;Andres Mesa;13/12/2026
3110-200;2; NORMANDIA;17,24;11,6;5H3;CC 01-1940;CANA;20/03/2014;7/12/2024;11;2006;116;2.023;Walter Hernando Bermudez Vargas;Andres Mesa;16/12/2025
3110-210;2; NORMANDIA;22,26;2,4;5H3;CC 05-430;CANA;14/09/2024;14/09/2025;2;2951;133;3.116;Walter Hernando Bermudez Vargas;Andres Mesa;14/12/2026
3110-220;2; NORMANDIA;16,56;13,4;5H3;CC 05-430;CANA;12/10/2024;28/07/2024;1;2195;133;2.318;Walter Hernando Bermudez Vargas;Andres Mesa;11/11/2025
3110-240;2; NORMANDIA;16,17;4,3;5H3;VARIAS;CANA;27/06/2024;16/07/2025;2;2144;133;2.264;Walter Hernando Bermudez Vargas;Andres Mesa;31/07/2026
3110-250;2; NORMANDIA;8,75;4,2;5H3;CC 05-430;CANA;31/03/2024;20/07/2025;2;1160;133;1.225;Walter Hernando Bermudez Vargas;Andres Mesa;19/12/2026
3110-251;2; NORMANDIA;8,63;4,3;5H3;CC 05-430;CANA;30/04/2024;16/07/2025;2;1144;133;1.208;Walter Hernando Bermudez Vargas;Andres Mesa;15/11/2026
3110-260;2; NORMANDIA;9,96;11,3;5H3;VARIAS;CANA;8/10/2020;16/12/2024;5;1075;108;1.085;Walter Hernando Bermudez Vargas;Andres Mesa;15/01/2026
3110-261;2; NORMANDIA;3,18;13,3;5H3;CC 11-595;CANA;14/10/2023;16/10/2024;2;386;121;389;Walter Hernando Bermudez Vargas;Andres Mesa;6/11/2025
3110-262;2; NORMANDIA;5,95;4,1;5H3;CC 05-430;CANA;13/07/2024;23/07/2025;2;768;129;833;Walter Hernando Bermudez Vargas;Andres Mesa;14/07/2026
3110-270;2; NORMANDIA;19,61;11,6;5H3;CC 12-2120;CANA;30/12/2023;8/12/2024;2;2401;122;2.421;Walter Hernando Bermudez Vargas;Andres Mesa;8/12/2025
3110-290;2; NORMANDIA;5,63;8,0;5H3;CC 12-2120;CANA;20/04/2023;25/03/2025;3;689;122;732;Walter Hernando Bermudez Vargas;Andres Mesa;25/03/2026
3110-291;2; NORMANDIA;6,2;3,6;5H3;CC 05-430;CANA;29/06/2023;7/08/2025;3;753;121;771;Walter Hernando Bermudez Vargas;Andres Mesa;22/08/2026
3111-010;2; PERALONSO;16,18;1,2;10H2;CC 05-430;CANA;26/09/2024;20/10/2025;2;2309;143;2.325;Walter Hernando Bermudez Vargas;Octavio Vargas;4/11/2026
3111-020;2; PERALONSO;14,45;3,8;10H2;CC 05-430;CANA;31/07/2025;5/06/2025;1;1696;117;1.420;Walter Hernando Bermudez Vargas;Octavio Vargas;31/07/2026
3111-030;2; PERALONSO;12,51;5,3;10H3;VARIAS;CANA;18/07/2022;18/06/2025;4;1595;128;1.401;Walter Hernando Bermudez Vargas;Octavio Vargas;3/07/2026
3111-040;2; PERALONSO;6,32;3,7;10H3;CC 11-0132;CANA;4/08/2025;25/06/2025;1;768;121;777;Walter Hernando Bermudez Vargas;Octavio Vargas;4/08/2026
3111-050;2; PERALONSO;10,21;1,5;10H3;CC 11-595;CANA;29/09/2020;10/10/2025;6;1199;117;1.209;Walter Hernando Bermudez Vargas;Octavio Vargas;9/11/2026
3111-052;2; PERALONSO;3,4;9,2;10H3;CC 01-1940;CANA;18/02/2016;17/02/2025;9;387;114;316;Walter Hernando Bermudez Vargas;Octavio Vargas;4/03/2026
3111-060;2; PERALONSO;9,25;9,2;10H3;CC 01-1940;CANA;18/12/2018;17/02/2025;7;1123;121;934;Walter Hernando Bermudez Vargas;Octavio Vargas;17/02/2026
3111-070;2; PERALONSO;4,13;4,2;5H3;VARIAS;CANA;20/07/2022;21/07/2025;4;470;114;485;Walter Hernando Bermudez Vargas;Octavio Vargas;21/07/2026
3111-071;2; PERALONSO;3,56;2,9;5H3;CC 05-430;CANA;16/08/2024;30/08/2025;2;508;143;512;Walter Hernando Bermudez Vargas;Octavio Vargas;5/09/2026
3111-072;2; PERALONSO;9,26;2,6;5H3;CC 05-430;CANA;28/08/2023;8/09/2025;3;1228;133;1.250;Walter Hernando Bermudez Vargas;Octavio Vargas;23/09/2026
3111-080;2; PERALONSO;16,8;13,6;5H3;CC 11-600;CANA;13/09/2019;6/10/2024;6;2001;119;1.982;Walter Hernando Bermudez Vargas;Octavio Vargas;20/11/2025
3111-090;2; PERALONSO;13,5;8,5;5H3;VARIAS;CANA;15/03/2022;10/03/2025;4;1516;112;1.336;Walter Hernando Bermudez Vargas;Octavio Vargas;10/03/2026
3111-100;2; PERALONSO;7,15;9,4;5H3;CC 11-595;CANA;20/01/2022;11/02/2025;4;876;122;785;Walter Hernando Bermudez Vargas;Octavio Vargas;5/02/2026
3111-110;2; PERALONSO;4,78;11,4;5H3;CC 01-1940;CANA;30/09/2020;14/12/2024;5;534;112;539;Walter Hernando Bermudez Vargas;Octavio Vargas;14/12/2025
3111-111;2; PERALONSO;6,26;11,4;5H3;CC 01-1940;CANA;17/02/2016;14/12/2024;9;735;117;741;Walter Hernando Bermudez Vargas;Octavio Vargas;14/12/2025
3111-120;2; PERALONSO;12,99;4,5;10H3;VARIAS;CANA;4/08/2021;11/07/2025;5;1610;124;1.630;Walter Hernando Bermudez Vargas;Octavio Vargas;11/07/2026
3111-121;2; PERALONSO;14,95;0,7;10H3;CC 01-1940;CANA;9/11/2016;5/11/2025;10;1853;124;1.868;Walter Hernando Bermudez Vargas;Octavio Vargas;14/11/2025
3111-131;2; PERALONSO;15,64;11,3;10H3;CC 11-595;CANA;1/10/2019;17/12/2024;6;1915;122;1.877;Walter Hernando Bermudez Vargas;Octavio Vargas;12/12/2025
3111-132;2; PERALONSO;20,42;9,0;10H3;CC 01-1940;CANA;14/02/2022;24/02/2025;4;2459;120;2.202;Walter Hernando Bermudez Vargas;Octavio Vargas;24/02/2026
3111-140;2; PERALONSO;10,87;8,1;1H1;CC 13-2035;CANA;22/03/2025;22/12/2024;1;99;9;99;Walter Hernando Bermudez Vargas;Octavio Vargas;22/03/2026
3111-141;2; PERALONSO;10,22;2,8;10H3;CC 13-2035;CANA;31/08/2025;19/07/2025;1;1452;142;92;Walter Hernando Bermudez Vargas;Octavio Vargas;31/08/2026
3111-142;2; PERALONSO;2,72;8,1;10H3;CC 13-2035;CANA;24/03/2025;26/12/2024;1;25;9;22;Walter Hernando Bermudez Vargas;Octavio Vargas;24/03/2026
3111-150;2; PERALONSO;16,75;2,4;14H2;CC 05-430;CANA;12/09/2024;12/09/2025;2;2305;138;2.345;Walter Hernando Bermudez Vargas;Octavio Vargas;12/10/2026
3111-160;2; PERALONSO;10,76;2,5;14H1;CC 11-0129;CANA;7/09/2024;10/09/2025;2;1590;148;1.601;Walter Hernando Bermudez Vargas;Octavio Vargas;10/10/2026
3111-161;2; PERALONSO;5,61;2,5;14H2;CC 15-2350;CANA;5/09/2024;11/09/2025;2;829;148;834;Walter Hernando Bermudez Vargas;Octavio Vargas;11/10/2026
3111-170;2; PERALONSO;9,38;5,6;14H1;CC 05-430;CANA;18/05/2024;7/06/2025;2;1338;143;1.496;Walter Hernando Bermudez Vargas;Octavio Vargas;7/07/2026
3111-171;2; PERALONSO;3,98;12,8;14H1;CC 85-92;CANA;16/07/2011;30/10/2024;14;483;121;498;Walter Hernando Bermudez Vargas;Octavio Vargas;14/11/2025
3111-180;2; PERALONSO;8,24;0,9;14H1;CC 01-1940;CANA;5/07/2018;29/10/2025;8;1001;121;1.009;Walter Hernando Bermudez Vargas;Octavio Vargas;13/11/2026
3111-190;2; PERALONSO;6,93;2,4;10H3;CC 05-430;CANA;30/08/2023;12/09/2025;3;849;122;818;Walter Hernando Bermudez Vargas;Octavio Vargas;27/09/2026
3111-200;2; PERALONSO;12,44;2,4;10H3;CC 01-1940;CANA;13/08/2018;14/09/2025;8;1510;121;1.523;Walter Hernando Bermudez Vargas;Octavio Vargas;29/09/2026
3111-210;2; PERALONSO;5,34;4,7;10H3;CC 05-430;CANA;23/07/2024;5/07/2025;2;762;143;748;Walter Hernando Bermudez Vargas;Octavio Vargas;29/06/2026
3111-220;2; PERALONSO;9;3,4;14H1;CC 05-430;CANA;13/08/2024;12/08/2025;2;1239;138;1.060;Walter Hernando Bermudez Vargas;Octavio Vargas;12/08/2026
3111-240;2; PERALONSO;11,87;7,3;10H3;CC 11-595;CANA;9/05/2023;17/04/2025;3;1454;122;1.459;Walter Hernando Bermudez Vargas;Octavio Vargas;12/04/2026
3111-241;2; PERALONSO;4,44;7,3;10H3;CC 05-430;CANA;29/04/2023;17/04/2025;3;553;124;555;Walter Hernando Bermudez Vargas;Octavio Vargas;8/04/2026
3111-250;2; PERALONSO;5,8;5,7;14H1;CC 05-430;CANA;11/05/2024;3/06/2025;2;839;145;900;Walter Hernando Bermudez Vargas;Octavio Vargas;3/07/2026
3111-260;2; PERALONSO;8,35;11,9;23H0;CC 10-450;CANA;27/11/2019;28/11/2024;6;1014;121;1.022;Walter Hernando Bermudez Vargas;Octavio Vargas;28/11/2025
3111-270;2; PERALONSO;12,52;3,6;14H1;CC 05-430;CANA;10/08/2024;8/08/2025;2;1723;138;1.770;Walter Hernando Bermudez Vargas;Octavio Vargas;8/08/2026
3111-280;2; PERALONSO;9,22;4,7;14H1;VARIAS;CANA;20/07/2024;5/07/2025;2;1316;143;1.329;Walter Hernando Bermudez Vargas;Octavio Vargas;29/06/2026
3111-281;2; PERALONSO;2,89;5,7;14H1;CC 05-430;CANA;13/05/2024;4/06/2025;2;398;138;427;Walter Hernando Bermudez Vargas;Octavio Vargas;4/07/2026
3111-290;2; PERALONSO;3,09;1,1;14H1;VARIAS;CANA;23/10/2020;21/10/2025;6;407;132;417;Walter Hernando Bermudez Vargas;Octavio Vargas;21/10/2026
3111-300;2; PERALONSO;5,56;5,6;23H0;CC 11-595;CANA;20/05/2020;7/06/2025;6;737;133;790;Walter Hernando Bermudez Vargas;Octavio Vargas;7/06/2026
3111-310;2; PERALONSO;11,97;2,6;14H1;CC 01-1940;CANA;1/08/2018;7/09/2025;8;1466;122;1.496;Walter Hernando Bermudez Vargas;Octavio Vargas;22/09/2026
3111-320;2; PERALONSO;11,08;11,9;14H1;CC 01-1940;CANA;11/09/2018;29/11/2024;7;1357;122;1.396;Walter Hernando Bermudez Vargas;Octavio Vargas;14/12/2025
3111-330;2; PERALONSO;5,34;2,6;14H1;CC 01-1940;CANA;31/10/2014;7/09/2025;12;681;128;710;Walter Hernando Bermudez Vargas;Octavio Vargas;22/09/2026
3111-350;2; PERALONSO;3,93;1,2;14H1;CC 01-1940;CANA;17/12/2015;20/10/2025;10;517;132;521;Walter Hernando Bermudez Vargas;Octavio Vargas;4/11/2026
3111-360;2; PERALONSO;5,33;5,6;14H1;VARIAS;CANA;18/10/2020;7/06/2025;5;734;138;762;Walter Hernando Bermudez Vargas;Octavio Vargas;1/07/2026
3111-370;2; PERALONSO;8,07;11,8;14H1;CC 11-600;CANA;23/11/2019;2/12/2024;6;980;121;988;Walter Hernando Bermudez Vargas;Octavio Vargas;2/12/2025
3111-372;2; PERALONSO;3,17;5,3;14H1;CC 04-195;CANA;3/04/2019;18/06/2025;7;404;128;374;Walter Hernando Bermudez Vargas;Octavio Vargas;18/06/2026
3111-380;2; PERALONSO;4,46;5,7;14H1;CC 05-430;CANA;20/07/2023;3/06/2025;3;546;122;672;Walter Hernando Bermudez Vargas;Octavio Vargas;3/07/2026
3111-390;2; PERALONSO;5,92;2,8;14H1;CC 01-1940;CANA;13/06/2016;31/08/2025;10;755;128;787;Walter Hernando Bermudez Vargas;Octavio Vargas;15/09/2026
3111-400;2; PERALONSO;4,17;5,3;14H1;VARIAS;CANA;24/06/2024;18/06/2025;2;318;76;621;Walter Hernando Bermudez Vargas;Octavio Vargas;18/06/2026
3111-401;2; PERALONSO;2,14;5,7;14H1;CC 05-430;CANA;31/05/2022;5/06/2025;4;271;127;317;Walter Hernando Bermudez Vargas;Octavio Vargas;5/06/2026
3111-410;2; PERALONSO;3,88;4,9;14H1;CC 11-0129;CANA;31/07/2023;30/06/2025;3;275;71;485;Walter Hernando Bermudez Vargas;Octavio Vargas;30/06/2026
3111-411;2; PERALONSO;1,82;1,0;14H1;CC 04-195;CANA;5/08/2021;27/10/2025;5;214;117;215;Walter Hernando Bermudez Vargas;Octavio Vargas;26/11/2026
3111-420;2; PERALONSO;7,65;11,8;14H1;CC 01-1940;CANA;25/10/2018;30/11/2024;7;975;128;983;Walter Hernando Bermudez Vargas;Octavio Vargas;30/11/2025
3111-421;2; PERALONSO;2,35;1,1;14H1;CC 05-430;CANA;2/10/2020;23/10/2025;6;312;133;314;Walter Hernando Bermudez Vargas;Octavio Vargas;22/11/2026
3111-430;2; PERALONSO;4,96;11,7;14H1;CC 05-430;CANA;4/12/2024;13/10/2024;1;630;127;694;Walter Hernando Bermudez Vargas;Octavio Vargas;22/12/2025
3111-431;2; PERALONSO;6,37;2,4;10H3;CC 05-430;CANA;14/09/2024;12/09/2025;2;844;133;866;Walter Hernando Bermudez Vargas;Octavio Vargas;12/10/2026
3111-433;2; PERALONSO;3,35;1,9;14H1;CC 13-2035;CANA;5/12/2024;29/09/2025;2;425;127;472;Walter Hernando Bermudez Vargas;Octavio Vargas;30/07/2026
3111-440;2; PERALONSO;4,57;11,6;10H3;CC 05-430;CANA;7/12/2024;8/10/2024;1;580;127;631;Walter Hernando Bermudez Vargas;Octavio Vargas;7/12/2025
3111-442;2; PERALONSO;6,5;2,5;10H3;CC 13-2035;CANA;6/12/2024;11/09/2025;2;825;127;884;Walter Hernando Bermudez Vargas;Octavio Vargas;12/07/2026
3111-450;2; PERALONSO;6,12;9,2;10H3;CC 11-0129;CANA;19/02/2024;19/02/2025;2;842;138;790;Walter Hernando Bermudez Vargas;Octavio Vargas;19/02/2026
3111-451;2; PERALONSO;2,45;9,4;1H1;CC 11-0129;SEMILLA;17/02/2024;12/02/2025;2;337;138;307;Walter Hernando Bermudez Vargas;Octavio Vargas;12/02/2026
3111-460;2; PERALONSO;20,98;0,9;14H1;CC 01-1940;CANA;22/09/2018;30/10/2025;8;2675;128;2.696;Walter Hernando Bermudez Vargas;Octavio Vargas;30/10/2026
3111-480;2; PERALONSO;4,02;5,7;10H3;CC 05-430;CANA;8/06/2024;6/06/2025;2;307;76;637;Walter Hernando Bermudez Vargas;Octavio Vargas;6/06/2026
3111-490;2; PERALONSO;8,85;8,5;10H3;CC 85-92;CANA;14/03/2011;10/03/2025;14;1128;128;1.034;Walter Hernando Bermudez Vargas;Octavio Vargas;4/03/2026
3111-491;2; PERALONSO;1,32;3,5;10H3;CC 85-92;CANA;3/09/2011;11/08/2025;14;168;128;214;Walter Hernando Bermudez Vargas;Octavio Vargas;10/09/2026
3111-492;2; PERALONSO;1,19;3,4;14H1;CC 01-1940;CANA;1/11/2012;12/08/2025;12;130;109;121;Walter Hernando Bermudez Vargas;Octavio Vargas;12/10/2026
3111-500;2; PERALONSO;8,96;4,9;14H1;CC 05-430;CANA;31/07/2023;29/06/2025;3;1143;128;1.156;Walter Hernando Bermudez Vargas;Octavio Vargas;14/07/2026
3111-501;2; PERALONSO;18,73;11,8;14H1;CC 01-1940;CANA;22/10/2014;1/12/2024;11;2291;122;2.341;Walter Hernando Bermudez Vargas;Octavio Vargas;16/12/2025
3111-510;2; PERALONSO;5,93;5,6;14H1;CC 05-430;CANA;17/06/2023;7/06/2025;3;420;71;876;Walter Hernando Bermudez Vargas;Octavio Vargas;7/06/2026
3111-520;2; PERALONSO;14,47;2,4;5H3;CC 13-2035;CANA;13/09/2025;26/12/2024;1;132;9;132;Walter Hernando Bermudez Vargas;Octavio Vargas;13/09/2026
3113-040;2; SAN NICOLAS;18,49;1,1;11H1;CC 04-195;CANA;25/09/2022;23/10/2025;2;2245;121;2.311;Walter Hernando Bermudez Vargas;Alberto Vasquez;7/11/2026
3113-050;2; SAN NICOLAS;14,05;2,9;11H1;CC 05-430;CANA;30/08/2024;28/08/2025;2;1934;138;1.967;Walter Hernando Bermudez Vargas;Alberto Vasquez;12/09/2026
3113-051;2; SAN NICOLAS;4,58;2,9;11H1;CC 05-430;CANA;15/08/2024;29/08/2025;2;630;138;641;Walter Hernando Bermudez Vargas;Alberto Vasquez;16/09/2026
3113-053;2; SAN NICOLAS;4,59;4,9;11H1;CC 05-430;CANA;29/06/2023;30/06/2025;3;562;122;576;Walter Hernando Bermudez Vargas;Alberto Vasquez;15/07/2026
3113-060;2; SAN NICOLAS;13,65;0,8;11H1;CC 11-0129;CANA;31/10/2025;23/06/2025;1;1692;124;1.713;Walter Hernando Bermudez Vargas;Alberto Vasquez;6/11/2026
3113-061;2; SAN NICOLAS;13,73;12,3;11H1;CC 05-430;CANA;28/11/2023;17/11/2024;2;1702;124;1.716;Walter Hernando Bermudez Vargas;Alberto Vasquez;2/12/2025
3113-070;2; SAN NICOLAS;17,2;0,0;11H1;RENOVACION;CANA;9/04/2014;9/09/2025;1;1963;114;1.981;Walter Hernando Bermudez Vargas;Alberto Vasquez;24/09/2026
3113-071;2; SAN NICOLAS;4,75;2,5;11H1;CC 01-1940;CANA;6/07/2015;9/09/2025;12;565;119;570;Walter Hernando Bermudez Vargas;Alberto Vasquez;24/09/2026
3113-080;2; SAN NICOLAS;17,84;13,1;5H3;CC 05-430;CANA;21/10/2024;1/08/2024;1;2365;133;2.383;Walter Hernando Bermudez Vargas;Alberto Vasquez;21/12/2025
3113-090;2; SAN NICOLAS;8,81;8,0;5H3;CC 05-430;CANA;29/02/2024;25/03/2025;2;1164;132;1.082;Walter Hernando Bermudez Vargas;Alberto Vasquez;28/03/2026
3113-091;2; SAN NICOLAS;11,25;8,2;5H3;CC 05-430;CANA;29/02/2024;20/03/2025;2;1487;132;1.362;Walter Hernando Bermudez Vargas;Alberto Vasquez;23/03/2026
3113-100;2; SAN NICOLAS;15,59;5,2;11H1;CC 11-595;CANA;15/07/2021;20/06/2025;5;1830;117;1.846;Walter Hernando Bermudez Vargas;Alberto Vasquez;20/06/2026
3113-110;2; SAN NICOLAS;15,24;3,4;5H3;MAJA 6;ARROZ;13/08/2025;9/07/2025;1;1666;109;1.753;Walter Hernando Bermudez Vargas;Alberto Vasquez;27/12/2025
3113-120;2; SAN NICOLAS;11,96;4,6;5H3;CC 11-595;CANA;25/05/2022;8/07/2025;4;1394;117;1.375;Walter Hernando Bermudez Vargas;Alberto Vasquez;7/08/2026
3113-122;2; SAN NICOLAS;3,84;3,6;5H3;CC 01-1940;CANA;25/07/2022;6/08/2025;4;413;107;467;Walter Hernando Bermudez Vargas;Alberto Vasquez;21/08/2026
3113-130;2; SAN NICOLAS;14,24;0,0;5H3;RENOVACION;CANA;29/01/2020;7/07/2025;1;1732;122;1.638;Walter Hernando Bermudez Vargas;Alberto Vasquez;6/08/2026
3113-140;2; SAN NICOLAS;8,17;0,0;5H3;RENOVACION;CANA;24/10/2016;4/08/2025;1;951;116;829;Walter Hernando Bermudez Vargas;Alberto Vasquez;19/08/2026
3113-150;2; SAN NICOLAS;3,06;2,9;5H3;CC 05-430;CANA;17/08/2024;29/08/2025;2;437;143;440;Walter Hernando Bermudez Vargas;Alberto Vasquez;29/08/2026
3113-151;2; SAN NICOLAS;6,03;5,3;5H3;CC 11-595;CANA;13/06/2022;16/06/2025;4;738;122;688;Walter Hernando Bermudez Vargas;Alberto Vasquez;16/06/2026
3113-160;2; SAN NICOLAS;14,37;2,2;5H3;CC 85-92;CANA;19/09/2025;19/06/2025;1;1672;116;1.693;Walter Hernando Bermudez Vargas;Alberto Vasquez;19/09/2026
3113-161;2; SAN NICOLAS;5,05;13,3;5H3;CC 85-92;CANA;28/08/2023;16/10/2024;2;648;128;653;Walter Hernando Bermudez Vargas;Alberto Vasquez;30/11/2025
3113-170;2; SAN NICOLAS;17,62;2,5;5H3;VARIAS;CANA;30/09/2023;10/09/2025;3;2117;120;2.203;Walter Hernando Bermudez Vargas;Alberto Vasquez;10/10/2026
3113-180;2; SAN NICOLAS;8,69;7,7;5H3;CC 13-2035;CANA;5/04/2025;20/01/2025;1;932;107;1.217;Walter Hernando Bermudez Vargas;Alberto Vasquez;5/04/2026
3113-181;2; SAN NICOLAS;1,41;2,9;5H3;CC 11-595;CANA;20/11/2019;30/08/2025;6;137;97;138;Walter Hernando Bermudez Vargas;Alberto Vasquez;5/09/2026
3113-190;2; SAN NICOLAS;6,07;4,1;5H3;CC 13-2035;CANA;24/07/2025;16/12/2024;1;639;105;55;Walter Hernando Bermudez Vargas;Alberto Vasquez;24/07/2026
3113-200;2; SAN NICOLAS;9,89;4,7;7H0;CC 13-2035;CANA;3/07/2024;5/07/2025;2;817;83;1.385;Walter Hernando Bermudez Vargas;Alberto Vasquez;5/07/2026
3113-201;2; SAN NICOLAS;5,9;4,2;7H0;CC 05-430;CANA;19/07/2025;25/03/2025;1;699;118;650;Walter Hernando Bermudez Vargas;Alberto Vasquez;3/08/2026
3113-210;2; SAN NICOLAS;16,53;12,0;7H1;CC 01-1940;CANA;23/11/2021;25/11/2024;4;1875;113;1.892;Walter Hernando Bermudez Vargas;Alberto Vasquez;25/11/2025
3113-220;2; SAN NICOLAS;10,37;2,4;5H3;CC 11-595;CANA;3/09/2021;13/09/2025;5;1217;117;1.228;Walter Hernando Bermudez Vargas;Alberto Vasquez;13/09/2026
3113-221;2; SAN NICOLAS;4,16;11,5;1H2;CC 84-75;CANA;13/04/2007;10/12/2024;18;499;120;503;Walter Hernando Bermudez Vargas;Alberto Vasquez;9/01/2026
3113-230;2; SAN NICOLAS;5,84;4,5;5H3;CC 11-595;CANA;22/03/2024;11/07/2025;2;804;138;810;Walter Hernando Bermudez Vargas;Alberto Vasquez;22/11/2026
3113-231;2; SAN NICOLAS;12,19;4,5;5H3;CC 11-595;CANA;31/03/2024;11/07/2025;2;1614;132;1.803;Walter Hernando Bermudez Vargas;Alberto Vasquez;10/11/2026
3113-240;2; SAN NICOLAS;6,04;4,5;5H3;CC 01-1940;CANA;20/07/2024;12/07/2025;2;566;94;785;Walter Hernando Bermudez Vargas;Alberto Vasquez;12/07/2026
3113-241;2; SAN NICOLAS;3,98;3,7;5H3;CC 13-2250;CANA;29/07/2024;3/08/2025;2;532;134;481;Walter Hernando Bermudez Vargas;Alberto Vasquez;9/08/2026
3113-242;2; SAN NICOLAS;2,35;4,4;5H3;CC 11-595;CANA;31/03/2024;13/07/2025;2;311;132;306;Walter Hernando Bermudez Vargas;Alberto Vasquez;12/11/2026
3113-243;2; SAN NICOLAS;2,68;3,7;5H3;CC 92-2198;CANA;29/08/2011;4/08/2025;13;293;109;274;Walter Hernando Bermudez Vargas;Alberto Vasquez;19/08/2026
3121-031;2; MORILLO;0,77;0,8;1H1;CC 01-1940;CANA;2/11/2017;31/10/2025;9;75;97;76;Walter Hernando Bermudez Vargas;Andres Mesa;6/01/2027
3121-040;2; MORILLO;8,45;4,8;1H1;VARIAS;CANA;31/07/2022;2/07/2025;4;1010;119;1.056;Walter Hernando Bermudez Vargas;Andres Mesa;2/07/2026
3121-150;2; MORILLO;5,55;0,7;6H1;CC 99-2282;CANA;10/09/2024;5/11/2025;2;747;135;777;Walter Hernando Bermudez Vargas;Andres Mesa;10/11/2025
3121-180;2; MORILLO;2,46;5,3;22H0;CC 99-2282;CANA;13/07/2023;17/06/2025;3;149;61;295;Walter Hernando Bermudez Vargas;Andres Mesa;14/06/2026
3121-190;2; MORILLO;5,59;8,3;7H0;SP 71-6949;CANA;2/02/2017;17/03/2025;9;652;117;648;Walter Hernando Bermudez Vargas;Andres Mesa;17/03/2026
3121-191;2; MORILLO;3,74;5,3;7H0;CC 99-2282;CANA;13/07/2023;16/06/2025;3;454;121;466;Walter Hernando Bermudez Vargas;Andres Mesa;10/06/2026
3121-200;2; MORILLO;13,15;4,8;7H0;CC 01-1940;CANA;17/07/2019;2/07/2025;7;1544;117;1.578;Walter Hernando Bermudez Vargas;Andres Mesa;29/06/2026
3121-210;2; MORILLO;13,5;0,9;7H0;CC 01-1940;CANA;29/04/2016;28/10/2025;10;1719;127;1.732;Walter Hernando Bermudez Vargas;Andres Mesa;12/11/2026
3121-220;2; MORILLO;13,47;12,4;7H0;CC 05-430;CANA;12/11/2024;27/09/2024;1;1840;137;1.886;Walter Hernando Bermudez Vargas;Andres Mesa;27/11/2025
3121-230;2; MORILLO;6,29;14,0;5H3;CC 05-430;CANA;16/09/2023;26/09/2024;2;764;121;786;Walter Hernando Bermudez Vargas;Andres Mesa;10/11/2025
3121-231;2; MORILLO;6,44;3,3;5H3;CC 01-1940;CANA;9/02/2017;17/08/2025;9;751;117;792;Walter Hernando Bermudez Vargas;Andres Mesa;17/08/2026
3121-240;2; MORILLO;5,08;1,9;5H3;CC 11-0132;CANA;27/09/2025;18/08/2025;1;595;117;610;Walter Hernando Bermudez Vargas;Andres Mesa;27/09/2026
3121-250;2; MORILLO;8,63;5,4;6H1;CC 11-600;CANA;16/03/2020;14/06/2025;6;1006;117;1.154;Walter Hernando Bermudez Vargas;Andres Mesa;14/06/2026
3121-260;2; MORILLO;8,9;11,5;6H1;CC 13-2035;CANA;11/12/2024;10/10/2024;1;1216;137;1.225;Walter Hernando Bermudez Vargas;Andres Mesa;26/12/2025
3121-270;2; MORILLO;5,27;11,4;6H1;CC 14-3296;CANA;14/12/2024;1/10/2024;1;708;134;714;Walter Hernando Bermudez Vargas;Andres Mesa;23/12/2025
3121-271;2; MORILLO;5,6;4,7;6H1;CC 05-430;CANA;15/07/2023;5/07/2025;3;714;128;700;Walter Hernando Bermudez Vargas;Andres Mesa;5/07/2026
3121-280;2; MORILLO;9,13;0,9;7H0;CC 01-1940;CANA;23/08/2018;28/10/2025;8;1126;123;1.135;Walter Hernando Bermudez Vargas;Andres Mesa;12/11/2026
3121-600;2; MORILLO;1,5;11,2;1H1;CC 05-430;CANA;24/12/2022;18/12/2024;3;161;107;162;Walter Hernando Bermudez Vargas;Andres Mesa;6/12/2025
3121-610;2; MORILLO;10,03;11,1;6H1;CC 05-430;CANA;31/12/2022;21/12/2024;3;1127;112;1.137;Walter Hernando Bermudez Vargas;Andres Mesa;12/12/2025
3121-620;2; MORILLO;9,84;11,3;6H1;VARIAS;CANA;10/01/2023;17/12/2024;3;1185;120;1.132;Walter Hernando Bermudez Vargas;Andres Mesa;17/12/2025
3122-050;2; VENECIA;17,34;0,0;5H3;RENOVACION;CANA;15/09/2015;27/08/2025;1;2022;117;2.039;Walter Hernando Bermudez Vargas;Freddy Reyes;27/08/2026
3122-100;2; VENECIA;8,58;13,9;5H3;CC 01-1940;CANA;28/09/2024;26/05/2024;1;1137;133;1.158;Walter Hernando Bermudez Vargas;Freddy Reyes;28/11/2025
3122-101;2; VENECIA;6,65;14,0;5H3;CC 01-1940;CANA;26/09/2024;23/05/2024;1;875;132;898;Walter Hernando Bermudez Vargas;Freddy Reyes;10/11/2025
3122-130;2; VENECIA;8,5;2,3;5H3;CC 13-2035;CANA;17/09/2025;29/01/2025;1;1003;118;697;Walter Hernando Bermudez Vargas;Freddy Reyes;17/09/2026
3122-131;2; VENECIA;8,4;8,0;5H3;CC 11-595;CANA;15/03/2024;26/03/2025;2;1114;133;1.118;Walter Hernando Bermudez Vargas;Freddy Reyes;16/06/2026
3122-150;2; VENECIA;13,48;0,0;5H3;RENOVACION;CANA;18/02/2015;18/09/2025;1;1569;116;1.550;Walter Hernando Bermudez Vargas;Freddy Reyes;3/10/2026
3122-180;2; VENECIA;15,09;2,0;5H3;CC 13-2035;CANA;26/09/2025;17/02/2025;1;1759;117;1.310;Walter Hernando Bermudez Vargas;Freddy Reyes;26/09/2026
3122-200;2; VENECIA;10,15;11,2;5H3;CC 11-0132;CANA;17/01/2024;19/12/2024;2;1346;133;1.356;Walter Hernando Bermudez Vargas;Freddy Reyes;4/12/2025
3122-230;2; VENECIA;16,07;2,1;5H3;CC 11-595;CANA;27/05/2020;23/09/2025;6;1919;119;1.935;Walter Hernando Bermudez Vargas;Freddy Reyes;8/10/2026
3122-250;2; VENECIA;6,25;3,8;5H3;CC 01-1940;CANA;5/03/2021;31/07/2025;5;759;121;750;Walter Hernando Bermudez Vargas;Freddy Reyes;31/07/2026
3122-280;2; VENECIA;15,67;2,3;10H3;CC 11-595;CANA;30/09/2022;15/09/2025;4;1722;110;1.737;Walter Hernando Bermudez Vargas;Freddy Reyes;30/09/2026
3122-320;2; VENECIA;10,29;13,9;5H3;VARIAS;CANA;25/02/2017;28/09/2024;8;1125;109;1.135;Walter Hernando Bermudez Vargas;Freddy Reyes;12/11/2025
3122-321;2; VENECIA;5,48;11,8;5H3;CC 11-600;CANA;12/10/2019;1/12/2024;6;643;117;649;Walter Hernando Bermudez Vargas;Freddy Reyes;1/12/2025
3122-360;2; VENECIA;8,91;13,9;5H3;CC 01-1940;CANA;22/03/2018;29/09/2024;7;1039;117;1.048;Walter Hernando Bermudez Vargas;Freddy Reyes;13/11/2025
3122-361;2; VENECIA;7,91;0,0;10H3;RENOVACION;CANA;20/02/2016;1/09/2025;1;922;117;930;Walter Hernando Bermudez Vargas;Freddy Reyes;1/10/2026
3122-370;2; VENECIA;10,55;13,9;5H3;CC 01-1940;CANA;17/01/2015;29/09/2024;9;1182;112;1.219;Walter Hernando Bermudez Vargas;Freddy Reyes;13/11/2025
3122-371;2; VENECIA;3,78;14,3;5H3;CC 05-430;CANA;17/09/2024;26/07/2024;1;501;133;529;Walter Hernando Bermudez Vargas;Freddy Reyes;1/11/2025
3122-450;2; VENECIA;10,76;3,3;5H3;CC 11-595;CANA;16/09/2022;17/08/2025;4;1307;121;1.060;Walter Hernando Bermudez Vargas;Freddy Reyes;17/08/2026
3425-010;2; TEQUENDAMA;20,53;11,8;14H1;CC 05-430;CANA;22/12/2023;1/12/2024;2;2618;128;2.638;Walter Hernando Bermudez Vargas;Freddy Reyes;1/12/2025
3425-011;2; TEQUENDAMA;5,43;5,5;14H1;VARIAS;CANA;28/07/2022;10/06/2025;4;385;71;675;Walter Hernando Bermudez Vargas;Freddy Reyes;10/06/2026
3425-020;2; TEQUENDAMA;6,32;1,5;14H1;CC 05-430;CANA;20/09/2024;9/10/2025;2;824;130;885;Walter Hernando Bermudez Vargas;Freddy Reyes;9/12/2026
3425-021;2; TEQUENDAMA;4,47;0,0;14H2;RENOVACION;CANA;28/09/2018;20/10/2025;8;559;125;563;Walter Hernando Bermudez Vargas;Freddy Reyes;20/10/2026
3425-022;2; TEQUENDAMA;7,26;9,2;14H1;CC 12-2120;CANA;15/02/2024;17/02/2025;2;970;134;971;Walter Hernando Bermudez Vargas;Freddy Reyes;17/02/2026
3425-030;2; TEQUENDAMA;19,28;9,2;23H0;CC 12-2120;CANA;8/02/2024;17/02/2025;2;2751;143;2.914;Walter Hernando Bermudez Vargas;Freddy Reyes;4/03/2026
3426-010;2; MEDIA LUNA;12,55;12,3;14H1;CC 01-1940;CANA;29/01/2014;15/11/2024;12;1529;122;1.575;Walter Hernando Bermudez Vargas;Freddy Reyes;30/11/2025
3426-020;2; MEDIA LUNA;9,34;13,3;14H1;CC 01-1940;CANA;1/09/2018;15/10/2024;7;1163;124;1.172;Walter Hernando Bermudez Vargas;Freddy Reyes;29/11/2025
3426-021;2; MEDIA LUNA;5,29;0,9;23H0;CC 93-3826;CANA;16/08/2007;29/10/2025;19;648;122;741;Walter Hernando Bermudez Vargas;Freddy Reyes;13/11/2026
3426-022;2; MEDIA LUNA;9,51;11,8;14H1;CC 05-430;CANA;15/12/2023;1/12/2024;2;577;61;577;Walter Hernando Bermudez Vargas;Freddy Reyes;16/11/2025
3426-030;2; MEDIA LUNA;5,67;12,3;14H2;CC 93-3826;CANA;15/07/2009;15/11/2024;16;717;127;723;Walter Hernando Bermudez Vargas;Freddy Reyes;30/11/2025
3426-031;2; MEDIA LUNA;10,55;2,7;5H3;VARIAS;CANA;19/09/2022;5/09/2025;4;1292;122;1.266;Walter Hernando Bermudez Vargas;Freddy Reyes;20/09/2026
3426-110;2; MEDIA LUNA;6,16;3,5;5H3;CC 05-430;CANA;9/08/2023;9/08/2025;3;795;129;925;Walter Hernando Bermudez Vargas;Freddy Reyes;24/08/2026
3426-111;2; MEDIA LUNA;4,36;3,5;5H3;CC 05-430;CANA;22/07/2023;10/08/2025;3;563;129;590;Walter Hernando Bermudez Vargas;Freddy Reyes;25/08/2026
3426-112;2; MEDIA LUNA;5,17;2,4;5H3;CC 85-92;CANA;9/08/2023;12/09/2025;3;366;71;672;Walter Hernando Bermudez Vargas;Freddy Reyes;12/10/2026
3426-120;2; MEDIA LUNA;7,42;13,6;5H3;CC 11-595;CANA;12/10/2022;6/10/2024;3;900;121;908;Walter Hernando Bermudez Vargas;Freddy Reyes;5/11/2025
;;;#�REF!;;;;;;;;;;;;;
